id,majortopic,subtopic,PAPMajorTopic,CAPsubTopic,Topic,year,percent,PAPpercent,congress
5754,1,101,1,101,101,1940,,,76
6442,1,101,1,101,101,1941,,,77
3715,1,101,1,101,101,1942,,,77
3445,1,101,1,101,101,1943,,,78
4956,1,101,1,101,101,1944,,,78
5128,1,101,1,101,101,1945,,,79
3979,1,101,1,101,101,1946,,,79
1183,1,101,1,101,101,1947,,,80
4789,1,101,1,101,101,1948,,,80
6537,1,101,1,101,101,1949,,,81
2820,1,101,1,101,101,1950,,,81
6105,1,101,1,101,101,1951,,,82
9053,1,101,1,101,101,1952,,,82
5244,1,101,1,101,101,1953,,,83
3153,1,101,1,101,101,1954,,,83
1942,1,101,1,101,101,1955,,,84
8404,1,101,1,101,101,1956,,,84
2995,1,101,1,101,101,1957,,,85
7358,1,101,1,101,101,1958,,,85
5192,1,101,1,101,101,1959,,,86
6187,1,101,1,101,101,1960,,,86
8752,1,101,1,101,101,1961,,,87
9174,1,101,1,101,101,1962,,,87
2463,1,101,1,101,101,1963,,,88
2003,1,101,1,101,101,1964,,,88
4945,1,101,1,101,101,1965,,,89
4929,1,101,1,101,101,1966,,,89
8720,1,101,1,101,101,1967,,,90
7727,1,101,1,101,101,1968,,,90
9889,1,101,1,101,101,1969,,,91
9733,1,101,1,101,101,1970,,,91
2015,1,101,1,101,101,1971,,,92
9115,1,101,1,101,101,1972,,,92
5883,1,101,1,101,101,1973,,,93
638,1,101,1,101,101,1974,0.47709,0.47709,93
812,1,101,1,101,101,1975,0.4654,0.4654,94
29,1,101,1,101,101,1976,0.46556,0.46556,94
3984,1,101,1,101,101,1977,0.4694,0.4694,95
5764,1,101,1,101,101,1978,0.47318,0.47318,95
9066,1,101,1,101,101,1979,0.45075,0.45075,96
9165,1,101,1,101,101,1980,0.45062,0.45062,96
1078,1,101,1,101,101,1981,0.45062,0.45062,97
4183,1,101,1,101,101,1982,0.46184,0.46184,97
1630,1,101,1,101,101,1983,0.47313,0.47313,98
8469,1,101,1,101,101,1984,0.47319,0.47319,98
5469,1,101,1,101,101,1985,0.48898,0.48898,99
307,1,101,1,101,101,1986,0.56831,0.56831,99
7425,1,101,1,101,101,1987,0.5342,0.5342,100
1120,1,101,1,101,101,1988,0.51005,0.51005,100
4199,1,101,1,101,101,1989,0.5099,0.5099,101
365,1,101,1,101,101,1990,0.48828,0.48828,101
6641,1,101,1,101,101,1991,0.54248,0.54248,102
6859,1,101,1,101,101,1992,0.52472,0.52472,102
1438,1,101,1,101,101,1993,0.48415,0.48415,103
9142,1,101,1,101,101,1994,0.47633,0.47633,103
3639,1,101,1,101,101,1995,0.42651,0.42651,104
5734,1,101,1,101,101,1996,0.42267,0.42267,104
3926,1,101,1,101,101,1997,0.46454,0.46454,105
4726,1,101,1,101,101,1998,0.46908,0.46908,105
2880,1,101,1,101,101,1999,0.47241,0.47241,106
8305,1,101,1,101,101,2000,0.47789,0.47789,106
226,1,101,1,101,101,2001,0.47907,0.47907,107
2929,1,101,1,101,101,2002,0.49885,0.49885,107
2442,1,101,1,101,101,2003,0.51352,0.51352,108
2456,1,101,1,101,101,2004,0.4993,0.4993,108
2121,1,101,1,101,101,2005,0.49921,0.49921,109
6124,1,101,1,101,101,2006,0.49811,0.49811,109
6698,1,101,1,101,101,2007,0.47247,0.47247,110
8590,1,101,1,101,101,2008,0.47231,0.47231,110
7790,1,101,1,101,101,2009,0.44226,0.44226,111
5857,1,101,1,101,101,2010,0.44231,0.44231,111
3485,1,101,1,101,101,2011,0.4268,0.4268,112
4935,1,101,1,101,101,2012,0.41691,0.41691,112
3186,1,101,1,101,101,2013,0.41685,0.41685,113
1839,1,101,1,101,101,2014,0.41685,0.41685,113
3822,1,101,1,101,101,2015,0.41685,0.41685,114
3718,1,101,1,101,101,2016,0.45126,0.45126,114
5480,1,101,1,101,101,2017,,,115
974,1,101,1,101,101,2018,,,115
2711,1,103,1,103,103,1940,,,76
1715,1,103,1,103,103,1941,,,77
9585,1,103,1,103,103,1942,,,77
3114,1,103,1,103,103,1943,,,78
6030,1,103,1,103,103,1944,,,78
9514,1,103,1,103,103,1945,,,79
9352,1,103,1,103,103,1946,,,79
7880,1,103,1,103,103,1947,,,80
2323,1,103,1,103,103,1948,,,80
3012,1,103,1,103,103,1949,,,81
7327,1,103,1,103,103,1950,,,81
4029,1,103,1,103,103,1951,,,82
5432,1,103,1,103,103,1952,,,82
5162,1,103,1,103,103,1953,,,83
9970,1,103,1,103,103,1954,,,83
6022,1,103,1,103,103,1955,,,84
4622,1,103,1,103,103,1956,,,84
5789,1,103,1,103,103,1957,,,85
7140,1,103,1,103,103,1958,,,85
2316,1,103,1,103,103,1959,,,86
2830,1,103,1,103,103,1960,,,86
4839,1,103,1,103,103,1961,,,87
4860,1,103,1,103,103,1962,,,87
3538,1,103,1,103,103,1963,,,88
7710,1,103,1,103,103,1964,,,88
2796,1,103,1,103,103,1965,,,89
7773,1,103,1,103,103,1966,0.60296,0.60296,89
5183,1,103,1,103,103,1967,0.60187,0.60187,90
4522,1,103,1,103,103,1968,0.60047,0.60047,90
3088,1,103,1,103,103,1969,0.57471,0.57471,91
5034,1,103,1,103,103,1970,0.5986,0.5986,91
6324,1,103,1,103,103,1971,0.64539,0.64539,92
5271,1,103,1,103,103,1972,0.67411,0.67411,92
5410,1,103,1,103,103,1973,0.67391,0.67391,93
3573,1,103,1,103,103,1974,0.64757,0.64757,93
6347,1,103,1,103,103,1975,0.63662,0.63662,94
3373,1,103,1,103,103,1976,0.62073,0.62073,94
648,1,103,1,103,103,1977,0.62888,0.62888,95
3632,1,103,1,103,103,1978,0.59692,0.59692,95
437,1,103,1,103,103,1979,0.57364,0.57364,96
1203,1,103,1,103,103,1980,0.55011,0.55011,96
7476,1,103,1,103,103,1981,0.53156,0.53156,97
3774,1,103,1,103,103,1982,0.57619,0.57619,97
2841,1,103,1,103,103,1983,0.62571,0.62571,98
4624,1,103,1,103,103,1984,0.59297,0.59297,98
5453,1,103,1,103,103,1985,0.57211,0.57211,99
7090,1,103,1,103,103,1986,0.60982,0.60982,99
4160,1,103,1,103,103,1987,0.56907,0.56907,100
1763,1,103,1,103,103,1988,0.54988,0.54988,100
1277,1,103,1,103,103,1989,0.60879,0.60879,101
4996,1,103,1,103,103,1990,0.59944,0.59944,101
1469,1,103,1,103,103,1991,0.61559,0.61559,102
7972,1,103,1,103,103,1992,0.54343,0.54343,102
4798,1,103,1,103,103,1993,0.57256,0.57256,103
3030,1,103,1,103,103,1994,0.58819,0.58819,103
5300,1,103,1,103,103,1995,0.59545,0.59545,104
3347,1,103,1,103,103,1996,0.57881,0.57881,104
7953,1,103,1,103,103,1997,0.58591,0.58591,105
5472,1,103,1,103,103,1998,0.56426,0.56426,105
4084,1,103,1,103,103,1999,0.55791,0.55791,106
602,1,103,1,103,103,2000,0.58929,0.58929,106
7145,1,103,1,103,103,2001,0.60349,0.60349,107
761,1,103,1,103,103,2002,0.60992,0.60992,107
1651,1,103,1,103,103,2003,0.61283,0.61283,108
1419,1,103,1,103,103,2004,0.61416,0.61416,108
8837,1,103,1,103,103,2005,0.61475,0.61475,109
5889,1,103,1,103,103,2006,0.58326,0.58326,109
8695,1,103,1,103,103,2007,0.55251,0.55251,110
1349,1,103,1,103,103,2008,0.53832,0.53832,110
3804,1,103,1,103,103,2009,0.53176,0.53176,111
6171,1,103,1,103,103,2010,0.52873,0.52873,111
489,1,103,1,103,103,2011,0.52732,0.52732,112
8919,1,103,1,103,103,2012,0.52666,0.52666,112
1571,1,103,1,103,103,2013,0.52635,0.52635,113
3015,1,103,1,103,103,2014,0.52621,0.52621,113
1431,1,103,1,103,103,2015,0.52614,0.52614,114
9285,1,103,1,103,103,2016,0.5176,0.5176,114
8562,1,103,1,103,103,2017,,,115
634,1,103,1,103,103,2017,,,115
8780,1,105,1,105,105,1940,,,76
3916,1,105,1,105,105,1941,,,77
1098,1,105,1,105,105,1942,,,77
1072,1,105,1,105,105,1943,,,78
9431,1,105,1,105,105,1944,,,78
6486,1,105,1,105,105,1945,,,79
8446,1,105,1,105,105,1946,,,79
7066,1,105,1,105,105,1947,,,80
5292,1,105,1,105,105,1948,,,80
1601,1,105,1,105,105,1949,,,81
7675,1,105,1,105,105,1950,,,81
7018,1,105,1,105,105,1951,,,82
8264,1,105,1,105,105,1952,,,82
8487,1,105,1,105,105,1953,,,83
2420,1,105,1,105,105,1954,,,83
1914,1,105,1,105,105,1955,,,84
2613,1,105,1,105,105,1956,,,84
7428,1,105,1,105,105,1957,,,85
3272,1,105,1,105,105,1958,,,85
3022,1,105,1,105,105,1959,,,86
6569,1,105,1,105,105,1960,,,86
9774,1,105,1,105,105,1961,,,87
2136,1,105,1,105,105,1962,,,87
6302,1,105,1,105,105,1963,,,88
3898,1,105,1,105,105,1964,,,88
9385,1,105,1,105,105,1965,,,89
5918,1,105,1,105,105,1966,,,89
6505,1,105,1,105,105,1967,,,90
2189,1,105,1,105,105,1968,,,90
5439,1,105,1,105,105,1969,,,91
8914,1,105,1,105,105,1970,,,91
4881,1,105,1,105,105,1971,,,92
6624,1,105,1,105,105,1972,,,92
2410,1,105,1,105,105,1973,,,93
7239,1,105,1,105,105,1974,,,93
2545,1,105,1,105,105,1975,,,94
4851,1,105,1,105,105,1976,,,94
9083,1,105,1,105,105,1977,,,95
2295,1,105,1,105,105,1978,,,95
780,1,105,1,105,105,1979,,,96
4906,1,105,1,105,105,1980,,,96
1753,1,105,1,105,105,1981,,,97
2240,1,105,1,105,105,1982,,,97
9414,1,105,1,105,105,1983,,,98
6429,1,105,1,105,105,1984,0.68406,0.68406,98
9206,1,105,1,105,105,1985,0.75291,0.75291,99
1213,1,105,1,105,105,1986,0.71532,0.71532,99
1696,1,105,1,105,105,1987,0.70946,0.70946,100
469,1,105,1,105,105,1988,0.69362,0.69362,100
4024,1,105,1,105,105,1989,0.67779,0.67779,101
7489,1,105,1,105,105,1990,0.67827,0.67827,101
359,1,105,1,105,105,1991,0.66918,0.66918,102
55,1,105,1,105,105,1992,0.69167,0.69167,102
7528,1,105,1,105,105,1993,0.65501,0.65501,103
1474,1,105,1,105,105,1994,0.60896,0.60896,103
3085,1,105,1,105,105,1995,0.6035,0.6035,104
4558,1,105,1,105,105,1996,0.62976,0.62976,104
2390,1,105,1,105,105,1997,0.59907,0.59907,105
8023,1,105,1,105,105,1998,0.63421,0.63421,105
1112,1,105,1,105,105,1999,0.65747,0.65747,106
7804,1,105,1,105,105,2000,0.64507,0.64507,106
3641,1,105,1,105,105,2001,0.6454,0.6454,107
5265,1,105,1,105,105,2002,0.6441,0.6441,107
938,1,105,1,105,105,2003,0.67399,0.67399,108
8629,1,105,1,105,105,2004,0.70236,0.70236,108
5277,1,105,1,105,105,2005,0.69657,0.69657,109
4551,1,105,1,105,105,2006,0.71496,0.71496,109
8666,1,105,1,105,105,2007,0.73338,0.73338,110
3437,1,105,1,105,105,2008,0.72014,0.72014,110
6268,1,105,1,105,105,2009,0.66047,0.66047,111
6622,1,105,1,105,105,2010,0.62258,0.62258,111
615,1,105,1,105,105,2011,0.59634,0.59634,112
5111,1,105,1,105,105,2012,0.59318,0.59318,112
7048,1,105,1,105,105,2013,0.5936,0.5936,113
2880,1,105,1,105,105,2014,0.58908,0.58908,113
2778,1,105,1,105,105,2015,0.62156,0.62156,114
2443,1,105,1,105,105,2016,0.64636,0.64636,114
5615,1,105,1,105,105,2017,0.65643,0.65643,115
5530,1,105,1,105,105,2018,,,115
3244,1,107,1,107,107,1940,,,76
5100,1,107,1,107,107,1941,,,77
303,1,107,1,107,107,1942,,,77
1313,1,107,1,107,107,1943,,,78
8950,1,107,1,107,107,1944,,,78
7444,1,107,1,107,107,1945,,,79
383,1,107,1,107,107,1946,,,79
4697,1,107,1,107,107,1947,0.72326,0.72326,80
9935,1,107,1,107,107,1948,0.7263,0.7263,80
8412,1,107,1,107,107,1949,0.74561,0.74561,81
5233,1,107,1,107,107,1950,0.73475,0.73475,81
2688,1,107,1,107,107,1951,0.75309,0.75309,82
3150,1,107,1,107,107,1952,0.66801,0.66801,82
8731,1,107,1,107,107,1953,0.66711,0.66711,83
856,1,107,1,107,107,1954,0.68481,0.68481,83
4624,1,107,1,107,107,1955,0.68979,0.68979,84
4029,1,107,1,107,107,1956,0.70974,0.70974,84
3030,1,107,1,107,107,1957,0.68804,0.68804,85
3349,1,107,1,107,107,1958,0.70802,0.70802,85
4213,1,107,1,107,107,1959,0.74046,0.74046,86
3777,1,107,1,107,107,1960,0.76122,0.76122,86
1148,1,107,1,107,107,1961,0.77949,0.77949,87
8190,1,107,1,107,107,1962,0.77781,0.77781,87
9667,1,107,1,107,107,1963,0.74855,0.74855,88
1122,1,107,1,107,107,1964,0.72347,0.72347,88
5651,1,107,1,107,107,1965,0.7251,0.7251,89
7308,1,107,1,107,107,1966,0.73434,0.73434,89
7901,1,107,1,107,107,1967,0.7217,0.7217,90
4630,1,107,1,107,107,1968,0.69065,0.69065,90
5620,1,107,1,107,107,1969,0.65342,0.65342,91
5816,1,107,1,107,107,1970,0.65543,0.65543,91
6118,1,107,1,107,107,1971,0.65614,0.65614,92
4635,1,107,1,107,107,1972,0.65639,0.65639,92
4205,1,107,1,107,107,1973,0.66875,0.66875,93
9070,1,107,1,107,107,1974,0.68036,0.68036,93
8506,1,107,1,107,107,1975,0.68356,0.68356,94
93,1,107,1,107,107,1976,0.69309,0.69309,94
8561,1,107,1,107,107,1977,0.66819,0.66819,95
4824,1,107,1,107,107,1978,0.65733,0.65733,95
4728,1,107,1,107,107,1979,0.65434,0.65434,96
75,1,107,1,107,107,1980,0.6493,0.6493,96
2892,1,107,1,107,107,1981,0.64339,0.64339,97
1182,1,107,1,107,107,1982,0.63703,0.63703,97
5973,1,107,1,107,107,1983,0.65263,0.65263,98
5623,1,107,1,107,107,1984,0.67571,0.67571,98
883,1,107,1,107,107,1985,0.68444,0.68444,99
9310,1,107,1,107,107,1986,0.69618,0.69618,99
9784,1,107,1,107,107,1987,0.69522,0.69522,100
6170,1,107,1,107,107,1988,0.72347,0.72347,100
2342,1,107,1,107,107,1989,0.72317,0.72317,101
6465,1,107,1,107,107,1990,0.71112,0.71112,101
3803,1,107,1,107,107,1991,0.72632,0.72632,102
6098,1,107,1,107,107,1992,0.73188,0.73188,102
7193,1,107,1,107,107,1993,0.74002,0.74002,103
9511,1,107,1,107,107,1994,0.69798,0.69798,103
1364,1,107,1,107,107,1995,0.68993,0.68993,104
3846,1,107,1,107,107,1996,0.69112,0.69112,104
2272,1,107,1,107,107,1997,0.71287,0.71287,105
8324,1,107,1,107,107,1998,0.68646,0.68646,105
1170,1,107,1,107,107,1999,0.68397,0.68397,106
9794,1,107,1,107,107,2000,0.6825,0.6825,106
5652,1,107,1,107,107,2001,0.67267,0.67267,107
3157,1,107,1,107,107,2002,0.70383,0.70383,107
1250,1,107,1,107,107,2003,0.76359,0.76359,108
5137,1,107,1,107,107,2004,0.74991,0.74991,108
8608,1,107,1,107,107,2005,0.76194,0.76194,109
2827,1,107,1,107,107,2006,0.7444,0.7444,109
902,1,107,1,107,107,2007,0.74844,0.74844,110
2111,1,107,1,107,107,2008,0.75006,0.75006,110
1116,1,107,1,107,107,2009,0.78582,0.78582,111
8201,1,107,1,107,107,2010,0.77745,0.77745,111
8607,1,107,1,107,107,2011,0.77423,0.77423,112
6462,1,107,1,107,107,2012,0.78735,0.78735,112
7476,1,107,1,107,107,2013,0.77691,0.77691,113
3751,1,107,1,107,107,2014,0.75416,0.75416,113
6440,1,107,1,107,107,2015,0.74904,0.74904,114
6514,1,107,1,107,107,2016,0.74915,0.74915,114
3706,1,107,1,107,107,2017,0.76182,0.76182,115
6879,1,107,1,107,107,2018,0.76815,0.76815,115
1688,1,108,1,108,108,1940,,,76
868,1,108,1,108,108,1941,,,77
4756,1,108,1,108,108,1942,,,77
8138,1,108,1,108,108,1943,,,78
7519,1,108,1,108,108,1944,,,78
5597,1,108,1,108,108,1945,,,79
6377,1,108,1,108,108,1946,,,79
9369,1,108,1,108,108,1947,,,80
5251,1,108,1,108,108,1948,,,80
8155,1,108,1,108,108,1949,,,81
906,1,108,1,108,108,1950,,,81
2883,1,108,1,108,108,1951,,,82
197,1,108,1,108,108,1952,,,82
6323,1,108,1,108,108,1953,,,83
933,1,108,1,108,108,1954,,,83
6258,1,108,1,108,108,1955,,,84
6806,1,108,1,108,108,1956,,,84
523,1,108,1,108,108,1957,,,85
5537,1,108,1,108,108,1958,,,85
2546,1,108,1,108,108,1959,,,86
8848,1,108,1,108,108,1960,,,86
7729,1,108,1,108,108,1961,,,87
8266,1,108,1,108,108,1962,,,87
7058,1,108,1,108,108,1963,,,88
4313,1,108,1,108,108,1964,,,88
867,1,108,1,108,108,1965,,,89
5562,1,108,1,108,108,1966,,,89
4675,1,108,1,108,108,1967,,,90
4927,1,108,1,108,108,1968,,,90
9319,1,108,1,108,108,1969,,,91
4471,1,108,1,108,108,1970,,,91
7356,1,108,1,108,108,1971,,,92
9923,1,108,1,108,108,1972,,,92
5289,1,108,1,108,108,1973,,,93
7142,1,108,1,108,108,1974,,,93
4498,1,108,1,108,108,1975,,,94
5907,1,108,1,108,108,1976,,,94
7057,1,108,1,108,108,1977,,,95
9583,1,108,1,108,108,1978,,,95
9021,1,108,1,108,108,1979,,,96
3868,1,108,1,108,108,1980,,,96
6438,1,108,1,108,108,1981,,,97
2289,1,108,1,108,108,1982,,,97
7300,1,108,1,108,108,1983,,,98
4259,1,108,1,108,108,1984,,,98
4854,1,108,1,108,108,1985,0.67085,0.2674,99
2478,1,108,1,108,108,1986,0.71506,0.29848,99
7333,1,108,1,108,108,1987,0.71507,0.29848,100
9105,1,108,1,108,108,1988,0.71507,0.29848,100
1580,1,108,1,108,108,1989,0.71507,0.29848,101
6572,1,108,1,108,108,1990,0.75994,0.32955,101
5277,1,108,1,108,108,1991,0.73347,0.34922,102
7958,1,108,1,108,108,1992,0.73346,0.34922,102
8067,1,108,1,108,108,1993,0.73346,0.34922,103
1610,1,108,1,108,108,1994,0.73346,0.34922,103
4914,1,108,1,108,108,1995,0.73346,0.34922,104
8980,1,108,1,108,108,1996,0.71134,0.36889,104
9149,1,108,1,108,108,1997,0.77469,,105
6528,1,108,1,108,108,1998,0.77471,,105
9587,1,108,1,108,108,1999,0.77471,,106
9828,1,108,1,108,108,2000,0.77471,,106
2194,1,108,1,108,108,2001,0.77471,,107
5693,1,108,1,108,108,2002,0.77471,,107
2814,1,108,1,108,108,2003,0.77471,,108
7596,1,108,1,108,108,2004,0.77471,,108
1922,1,108,1,108,108,2005,0.77471,,109
7983,1,108,1,108,108,2006,0.83232,,109
2761,1,108,1,108,108,2007,0.82027,,110
8280,1,108,1,108,108,2008,0.82027,,110
1844,1,108,1,108,108,2009,0.82027,,111
9814,1,108,1,108,108,2010,0.82027,,111
3907,1,108,1,108,108,2011,0.82027,,112
4091,1,108,1,108,108,2012,0.82027,,112
6232,1,108,1,108,108,2013,0.82027,,113
434,1,108,1,108,108,2014,0.82027,,113
6833,1,108,1,108,108,2015,0.82027,,114
6742,1,108,1,108,108,2016,0.81055,,114
2818,1,108,1,108,108,2017,,,115
9886,1,108,1,108,108,2018,,,115
1223,1,110,1,110,110,1940,,,76
354,1,110,1,110,110,1941,,,77
5794,1,110,1,110,110,1942,,,77
4167,1,110,1,110,110,1943,,,78
7282,1,110,1,110,110,1944,,,78
2065,1,110,1,110,110,1945,,,79
3150,1,110,1,110,110,1946,,,79
1362,1,110,1,110,110,1947,,,80
386,1,110,1,110,110,1948,,,80
1368,1,110,1,110,110,1949,,,81
6455,1,110,1,110,110,1950,,,81
8140,1,110,1,110,110,1951,,,82
289,1,110,1,110,110,1952,,,82
2735,1,110,1,110,110,1953,,,83
1488,1,110,1,110,110,1954,,,83
4049,1,110,1,110,110,1955,,,84
6124,1,110,1,110,110,1956,,,84
1813,1,110,1,110,110,1957,,,85
5427,1,110,1,110,110,1958,,,85
1827,1,110,1,110,110,1959,,,86
2670,1,110,1,110,110,1960,,,86
1575,1,110,1,110,110,1961,,,87
8455,1,110,1,110,110,1962,,,87
7791,1,110,1,110,110,1963,,,88
7271,1,110,1,110,110,1964,,,88
5920,1,110,1,110,110,1965,,,89
3220,1,110,1,110,110,1966,,,89
4451,1,110,1,110,110,1967,,,90
9026,1,110,1,110,110,1968,,,90
9992,1,110,1,110,110,1969,,,91
9208,1,110,1,110,110,1970,,,91
4693,1,110,1,110,110,1971,,,92
4246,1,110,1,110,110,1972,,,92
8785,1,110,1,110,110,1973,,,93
1200,1,110,1,110,110,1974,,,93
7922,1,110,1,110,110,1975,,,94
420,1,110,1,110,110,1976,,,94
7901,1,110,1,110,110,1977,,,95
7803,1,110,1,110,110,1978,,,95
4807,1,110,1,110,110,1979,,,96
6837,1,110,1,110,110,1980,,,96
1198,1,110,1,110,110,1981,,,97
9594,1,110,1,110,110,1982,,,97
2334,1,110,1,110,110,1983,,,98
8132,1,110,1,110,110,1984,,,98
271,1,110,1,110,110,1985,0.2674,0.2674,99
3238,1,110,1,110,110,1986,0.29848,0.29848,99
138,1,110,1,110,110,1987,0.29848,0.29848,100
4603,1,110,1,110,110,1988,0.29848,0.29848,100
7492,1,110,1,110,110,1989,0.29848,0.29848,101
1648,1,110,1,110,110,1990,0.32955,0.32955,101
9689,1,110,1,110,110,1991,0.34922,0.34922,102
501,1,110,1,110,110,1992,0.34922,0.34922,102
1677,1,110,1,110,110,1993,0.34922,0.34922,103
7706,1,110,1,110,110,1994,0.34922,0.34922,103
9701,1,110,1,110,110,1995,0.34922,0.34922,104
2282,1,110,1,110,110,1996,0.36889,0.36889,104
6880,1,110,1,110,110,1997,,,105
3570,1,110,1,110,110,1998,,,105
106,1,110,1,110,110,1999,,,106
1221,1,110,1,110,110,2000,,,106
1074,1,110,1,110,110,2001,,,107
8883,1,110,1,110,110,2002,,,107
2031,1,110,1,110,110,2003,,,108
1796,1,110,1,110,110,2004,,,108
5870,1,110,1,110,110,2005,,,109
6193,1,110,1,110,110,2006,,,109
7636,1,110,1,110,110,2007,,,110
3713,1,110,1,110,110,2008,,,110
6519,1,110,1,110,110,2009,,,111
9711,1,110,1,110,110,2010,,,111
3665,1,110,1,110,110,2011,,,112
4043,1,110,1,110,110,2012,,,112
1914,1,110,1,110,110,2013,,,113
6332,1,110,1,110,110,2014,,,113
2906,1,110,1,110,110,2015,,,114
4893,1,110,1,110,110,2016,,,114
4398,1,110,1,110,110,2017,,,115
3481,1,110,1,110,110,2018,,,115
8183,2,201,2,201,201,1940,,,76
648,2,201,2,201,201,1941,,,77
1497,2,201,2,201,201,1942,,,77
9336,2,201,2,201,201,1943,,,78
6697,2,201,2,201,201,1944,,,78
7229,2,201,2,201,201,1945,,,79
1149,2,201,2,201,201,1946,0.37399,0.37399,79
4972,2,201,2,201,201,1947,0.38415,0.38415,80
3541,2,201,2,201,201,1948,0.3992,0.3992,80
8645,2,201,2,201,201,1949,0.41477,0.41477,81
9447,2,201,2,201,201,1950,0.42211,0.42211,81
3427,2,201,2,201,201,1951,0.42939,0.42939,82
6479,2,201,2,201,201,1952,0.43572,0.43572,82
9022,2,201,2,201,201,1953,0.43363,0.43363,83
6649,2,201,2,201,201,1954,0.44154,0.44154,83
5877,2,201,2,201,201,1955,0.44718,0.44718,84
6995,2,201,2,201,201,1956,0.43491,0.43491,84
9543,2,201,2,201,201,1957,0.42967,0.42967,85
5995,2,201,2,201,201,1958,0.44366,0.44366,85
7659,2,201,2,201,201,1959,0.45037,0.45037,86
5749,2,201,2,201,201,1960,0.46062,0.46062,86
1042,2,201,2,201,201,1961,0.46568,0.46568,87
7244,2,201,2,201,201,1962,0.46818,0.46818,87
379,2,201,2,201,201,1963,0.46449,0.46449,88
5487,2,201,2,201,201,1964,0.48757,0.48757,88
6330,2,201,2,201,201,1965,0.4804,0.4804,89
2415,2,201,2,201,201,1966,0.4579,0.4579,89
6989,2,201,2,201,201,1967,0.46886,0.46886,90
2773,2,201,2,201,201,1968,0.48397,0.48397,90
2722,2,201,2,201,201,1969,0.48323,0.48323,91
672,2,201,2,201,201,1970,0.50844,0.50844,91
9571,2,201,2,201,201,1971,0.52268,0.52268,92
1435,2,201,2,201,201,1972,0.52012,0.52012,92
8894,2,201,2,201,201,1973,0.51426,0.51426,93
3433,2,201,2,201,201,1974,0.50977,0.50977,93
7062,2,201,2,201,201,1975,0.49437,0.49437,94
7929,2,201,2,201,201,1976,0.48591,0.48591,94
9637,2,201,2,201,201,1977,0.47789,0.47789,95
9930,2,201,2,201,201,1978,0.47568,0.47568,95
2355,2,201,2,201,201,1979,0.47381,0.47381,96
4514,2,201,2,201,201,1980,0.47574,0.47574,96
3745,2,201,2,201,201,1981,0.46581,0.46581,97
8261,2,201,2,201,201,1982,0.49241,0.49241,97
4488,2,201,2,201,201,1983,0.50036,0.50036,98
7581,2,201,2,201,201,1984,0.51213,0.51213,98
1970,2,201,2,201,201,1985,0.50934,0.50934,99
332,2,201,2,201,201,1986,0.51376,0.51376,99
659,2,201,2,201,201,1987,0.53361,0.53361,100
6811,2,201,2,201,201,1988,0.53506,0.53506,100
1522,2,201,2,201,201,1989,0.53531,0.53531,101
6300,2,201,2,201,201,1990,0.53637,0.53637,101
3914,2,201,2,201,201,1991,0.54784,0.54784,102
5341,2,201,2,201,201,1992,0.54172,0.54172,102
5532,2,201,2,201,201,1993,0.54088,0.54088,103
9839,2,201,2,201,201,1994,0.53647,0.53647,103
1519,2,201,2,201,201,1995,0.54043,0.54043,104
3882,2,201,2,201,201,1996,0.5405,0.5405,104
397,2,201,2,201,201,1997,0.52629,0.52629,105
6754,2,201,2,201,201,1998,0.53099,0.53099,105
5403,2,201,2,201,201,1999,0.53735,0.53735,106
9022,2,201,2,201,201,2000,0.54406,0.54406,106
5818,2,201,2,201,201,2001,0.54116,0.54116,107
3635,2,201,2,201,201,2002,0.53146,0.53146,107
6164,2,201,2,201,201,2003,0.54692,0.54692,108
507,2,201,2,201,201,2004,0.5484,0.5484,108
8039,2,201,2,201,201,2005,0.56452,0.56452,109
8527,2,201,2,201,201,2006,0.55294,0.55294,109
8960,2,201,2,201,201,2007,0.57957,0.57957,110
2660,2,201,2,201,201,2008,0.56881,0.56881,110
9829,2,201,2,201,201,2009,0.61737,0.61737,111
2047,2,201,2,201,201,2010,0.58388,0.58388,111
5026,2,201,2,201,201,2011,0.56708,0.56708,112
1292,2,201,2,201,201,2012,0.55888,0.55888,112
1341,2,201,2,201,201,2013,0.55608,0.55608,113
8546,2,201,2,201,201,2014,0.55569,0.55569,113
5637,2,201,2,201,201,2015,0.56759,0.56759,114
5708,2,201,2,201,201,2016,0.58498,0.58498,114
7700,2,201,2,201,201,2017,0.59772,0.59772,115
3905,2,201,2,201,201,2018,0.60762,0.60762,115
5109,2,202,2,202,202,1940,,,76
462,2,202,2,202,202,1941,,,77
9007,2,202,2,202,202,1942,,,77
8580,2,202,2,202,202,1943,,,78
4297,2,202,2,202,202,1944,,,78
7502,2,202,2,202,202,1945,,,79
5942,2,202,2,202,202,1946,,,79
2807,2,202,2,202,202,1947,,,80
62,2,202,2,202,202,1948,,,80
8880,2,202,2,202,202,1949,,,81
6585,2,202,2,202,202,1950,,,81
1917,2,202,2,202,202,1951,,,82
7020,2,202,2,202,202,1952,,,82
3118,2,202,2,202,202,1953,,,83
1110,2,202,2,202,202,1954,,,83
1371,2,202,2,202,202,1955,,,84
2420,2,202,2,202,202,1956,,,84
909,2,202,2,202,202,1957,,,85
1124,2,202,2,202,202,1958,,,85
2503,2,202,2,202,202,1959,,,86
5970,2,202,2,202,202,1960,,,86
7540,2,202,2,202,202,1961,,,87
7416,2,202,2,202,202,1962,,,87
8648,2,202,2,202,202,1963,,,88
7840,2,202,2,202,202,1964,,,88
97,2,202,2,202,202,1965,,,89
4239,2,202,2,202,202,1966,,,89
5407,2,202,2,202,202,1967,,,90
3221,2,202,2,202,202,1968,,,90
8631,2,202,2,202,202,1969,,,91
2660,2,202,2,202,202,1970,,,91
5466,2,202,2,202,202,1971,,,92
2306,2,202,2,202,202,1972,0.50371,0.50371,92
943,2,202,2,202,202,1973,0.51309,0.51309,93
5576,2,202,2,202,202,1974,0.52594,0.52594,93
5701,2,202,2,202,202,1975,0.53198,0.53198,94
5664,2,202,2,202,202,1976,0.53742,0.53742,94
4867,2,202,2,202,202,1977,0.52552,0.52552,95
9945,2,202,2,202,202,1978,0.54583,0.54583,95
1952,2,202,2,202,202,1979,0.55768,0.55768,96
7592,2,202,2,202,202,1980,0.56821,0.56821,96
9906,2,202,2,202,202,1981,0.55843,0.55843,97
4785,2,202,2,202,202,1982,0.55722,0.55722,97
3029,2,202,2,202,202,1983,0.57666,0.57666,98
7301,2,202,2,202,202,1984,0.58082,0.58082,98
1122,2,202,2,202,202,1985,0.5693,0.5693,99
4209,2,202,2,202,202,1986,0.56611,0.56611,99
2764,2,202,2,202,202,1987,0.5652,0.5652,100
1177,2,202,2,202,202,1988,0.57839,0.57839,100
3439,2,202,2,202,202,1989,0.6062,0.6062,101
981,2,202,2,202,202,1990,0.59093,0.59093,101
5990,2,202,2,202,202,1991,0.63712,0.63712,102
7595,2,202,2,202,202,1992,0.64244,0.64244,102
957,2,202,2,202,202,1993,0.65149,0.65149,103
6718,2,202,2,202,202,1994,0.63775,0.63775,103
2551,2,202,2,202,202,1995,0.62487,0.62487,104
5896,2,202,2,202,202,1996,0.64146,0.64146,104
8819,2,202,2,202,202,1997,0.66138,0.66138,105
5397,2,202,2,202,202,1998,0.688,0.688,105
2774,2,202,2,202,202,1999,0.68181,0.68181,106
5472,2,202,2,202,202,2000,0.67528,0.67528,106
8147,2,202,2,202,202,2001,0.68215,0.68215,107
1821,2,202,2,202,202,2002,0.68121,0.68121,107
6958,2,202,2,202,202,2003,0.68245,0.68245,108
737,2,202,2,202,202,2004,0.6838,0.6838,108
1946,2,202,2,202,202,2005,0.68685,0.68685,109
1544,2,202,2,202,202,2006,0.7015,0.7015,109
571,2,202,2,202,202,2007,0.71336,0.71336,110
2284,2,202,2,202,202,2008,0.69961,0.69961,110
8508,2,202,2,202,202,2009,0.71927,0.71927,111
6225,2,202,2,202,202,2010,0.72636,0.72636,111
7041,2,202,2,202,202,2011,0.74942,0.74942,112
4866,2,202,2,202,202,2012,0.76496,0.76496,112
9198,2,202,2,202,202,2013,0.78136,0.78136,113
4119,2,202,2,202,202,2014,0.79689,0.79689,113
5121,2,202,2,202,202,2015,0.80692,0.80692,114
5157,2,202,2,202,202,2016,0.81369,0.81369,114
7794,2,202,2,202,202,2017,,,115
3323,2,202,2,202,202,2018,,,115
745,2,206,2,206,206,1940,,,76
8934,2,206,2,206,206,1941,,,77
7030,2,206,2,206,206,1942,,,77
8728,2,206,2,206,206,1943,,,78
8988,2,206,2,206,206,1944,,,78
4510,2,206,2,206,206,1945,,,79
2597,2,206,2,206,206,1946,,,79
9180,2,206,2,206,206,1947,0.34762,0.34762,80
7082,2,206,2,206,206,1948,0.41158,0.41158,80
286,2,206,2,206,206,1949,0.42142,0.42142,81
8126,2,206,2,206,206,1950,0.42293,0.42293,81
6661,2,206,2,206,206,1951,0.48694,0.48694,82
410,2,206,2,206,206,1952,0.57465,0.57465,82
270,2,206,2,206,206,1953,0.66615,0.66615,83
1097,2,206,2,206,206,1954,0.57307,0.57307,83
7125,2,206,2,206,206,1955,0.58911,0.58911,84
6938,2,206,2,206,206,1956,0.59161,0.59161,84
6793,2,206,2,206,206,1957,0.59201,0.59201,85
1241,2,206,2,206,206,1958,0.59207,0.59207,85
127,2,206,2,206,206,1959,0.59208,0.59208,86
5573,2,206,2,206,206,1960,0.59208,0.59208,86
1455,2,206,2,206,206,1961,0.59208,0.59208,87
3451,2,206,2,206,206,1962,0.59208,0.59208,87
1944,2,206,2,206,206,1963,0.59208,0.59208,88
8581,2,206,2,206,206,1964,0.59208,0.59208,88
9581,2,206,2,206,206,1965,0.62207,0.62207,89
8949,2,206,2,206,206,1966,0.66131,0.66131,89
7311,2,206,2,206,206,1967,0.70204,0.70204,90
2772,2,206,2,206,206,1968,0.72978,0.72978,90
7201,2,206,2,206,206,1969,0.70138,0.70138,91
754,2,206,2,206,206,1970,0.62734,0.62734,91
7780,2,206,2,206,206,1971,,,92
8606,2,206,2,206,206,1972,,,92
5449,2,206,2,206,206,1973,,,93
783,2,206,2,206,206,1974,,,93
7517,2,206,2,206,206,1975,,,94
5280,2,206,2,206,206,1976,,,94
7452,2,206,2,206,206,1977,,,95
5920,2,206,2,206,206,1978,,,95
4132,2,206,2,206,206,1979,,,96
3395,2,206,2,206,206,1980,,,96
1665,2,206,2,206,206,1981,,,97
4731,2,206,2,206,206,1982,,,97
7930,2,206,2,206,206,1983,,,98
981,2,206,2,206,206,1984,,,98
2022,2,206,2,206,206,1985,,,99
7499,2,206,2,206,206,1986,,,99
5376,2,206,2,206,206,1987,,,100
4357,2,206,2,206,206,1988,,,100
9674,2,206,2,206,206,1989,,,101
2119,2,206,2,206,206,1990,,,101
5057,2,206,2,206,206,1991,,,102
6919,2,206,2,206,206,1992,,,102
2183,2,206,2,206,206,1993,,,103
104,2,206,2,206,206,1994,,,103
3225,2,206,2,206,206,1995,,,104
8582,2,206,2,206,206,1996,,,104
6217,2,206,2,206,206,1997,,,105
5993,2,206,2,206,206,1998,,,105
3961,2,206,2,206,206,1999,,,106
7722,2,206,2,206,206,2000,,,106
242,2,206,2,206,206,2001,,,107
146,2,206,2,206,206,2002,,,107
6188,2,206,2,206,206,2003,,,108
5151,2,206,2,206,206,2004,,,108
9231,2,206,2,206,206,2005,,,109
1174,2,206,2,206,206,2006,,,109
8751,2,206,2,206,206,2007,,,110
2899,2,206,2,206,206,2008,,,110
7998,2,206,2,206,206,2009,,,111
9727,2,206,2,206,206,2010,,,111
5965,2,206,2,206,206,2011,,,112
5393,2,206,2,206,206,2012,,,112
3245,2,206,2,206,206,2013,,,113
6190,2,206,2,206,206,2014,,,113
5422,2,206,2,206,206,2015,,,114
9383,2,206,2,206,206,2016,,,114
8524,2,206,2,206,206,2017,,,115
4193,2,206,2,206,206,2018,,,115
6655,2,207,2,207,207,1940,,,76
5714,2,207,2,207,207,1941,,,77
9233,2,207,2,207,207,1942,,,77
9908,2,207,2,207,207,1943,,,78
7203,2,207,2,207,207,1944,,,78
4811,2,207,2,207,207,1945,,,79
1349,2,207,2,207,207,1946,,,79
8957,2,207,2,207,207,1947,,,80
3051,2,207,2,207,207,1948,,,80
7703,2,207,2,207,207,1949,,,81
9994,2,207,2,207,207,1950,,,81
1284,2,207,2,207,207,1951,,,82
7492,2,207,2,207,207,1952,,,82
2486,2,207,2,207,207,1953,,,83
309,2,207,2,207,207,1954,,,83
9053,2,207,2,207,207,1955,,,84
1772,2,207,2,207,207,1956,,,84
1564,2,207,2,207,207,1957,,,85
381,2,207,2,207,207,1958,,,85
1861,2,207,2,207,207,1959,,,86
5715,2,207,2,207,207,1960,,,86
18,2,207,2,207,207,1961,,,87
4504,2,207,2,207,207,1962,,,87
7947,2,207,2,207,207,1963,,,88
2169,2,207,2,207,207,1964,0.52114,0.52114,88
2090,2,207,2,207,207,1965,0.56112,0.56112,89
1372,2,207,2,207,207,1966,0.57759,0.57759,89
7005,2,207,2,207,207,1967,0.58438,0.58438,90
3594,2,207,2,207,207,1968,0.58717,0.58717,90
2770,2,207,2,207,207,1969,0.58832,0.58832,91
5972,2,207,2,207,207,1970,0.5888,0.5888,91
9446,2,207,2,207,207,1971,0.58899,0.58899,92
4225,2,207,2,207,207,1972,0.58907,0.58907,92
949,2,207,2,207,207,1973,0.58911,0.58911,93
2574,2,207,2,207,207,1974,0.5834,0.5834,93
3703,2,207,2,207,207,1975,0.56157,0.56157,94
7667,2,207,2,207,207,1976,0.5606,0.5606,94
4002,2,207,2,207,207,1977,0.5655,0.5655,95
8,2,207,2,207,207,1978,0.50831,0.50831,95
2839,2,207,2,207,207,1979,0.48484,0.48484,96
7854,2,207,2,207,207,1980,0.47662,0.47662,96
2218,2,207,2,207,207,1981,0.5244,0.5244,97
311,2,207,2,207,207,1982,0.55615,0.55615,97
719,2,207,2,207,207,1983,0.51638,0.51638,98
748,2,207,2,207,207,1984,0.54725,0.54725,98
572,2,207,2,207,207,1985,0.52614,0.52614,99
7108,2,207,2,207,207,1986,0.53709,0.53709,99
3460,2,207,2,207,207,1987,0.54107,0.54107,100
4194,2,207,2,207,207,1988,0.52947,0.52947,100
9638,2,207,2,207,207,1989,0.50927,0.50927,101
24,2,207,2,207,207,1990,0.50211,0.50211,101
845,2,207,2,207,207,1991,0.51202,0.51202,102
4155,2,207,2,207,207,1992,0.54514,0.54514,102
2452,2,207,2,207,207,1993,0.51914,0.51914,103
6841,2,207,2,207,207,1994,0.52748,0.52748,103
6259,2,207,2,207,207,1995,0.55326,0.55326,104
5357,2,207,2,207,207,1996,0.53379,0.53379,104
9653,2,207,2,207,207,1997,0.5115,0.5115,105
9766,2,207,2,207,207,1998,0.50712,0.50712,105
8750,2,207,2,207,207,1999,0.4671,0.4671,106
8606,2,207,2,207,207,2000,0.50657,0.50657,106
9862,2,207,2,207,207,2001,0.49995,0.49995,107
3611,2,207,2,207,207,2002,0.50432,0.50432,107
2210,2,207,2,207,207,2003,0.50651,0.50651,108
5135,2,207,2,207,207,2004,0.55019,0.55019,108
4521,2,207,2,207,207,2005,0.53834,0.53834,109
2397,2,207,2,207,207,2006,0.52487,0.52487,109
1172,2,207,2,207,207,2007,0.53037,0.53037,110
3157,2,207,2,207,207,2008,0.52856,0.52856,110
2812,2,207,2,207,207,2009,0.51986,0.51986,111
4283,2,207,2,207,207,2010,0.50036,0.50036,111
4360,2,207,2,207,207,2011,0.55825,0.55825,112
5249,2,207,2,207,207,2012,0.55636,0.55636,112
913,2,207,2,207,207,2013,0.55443,0.55443,113
3685,2,207,2,207,207,2014,0.53876,0.53876,113
9251,2,207,2,207,207,2015,0.5275,0.5275,114
4343,2,207,2,207,207,2016,0.5198,0.5198,114
3856,2,207,2,207,207,2017,0.46436,0.46436,115
5670,2,207,2,207,207,2018,0.40526,0.40526,115
731,2,208,2,208,208,1940,,,76
1734,2,208,2,208,208,1941,,,77
7389,2,208,2,208,208,1942,,,77
1243,2,208,2,208,208,1943,,,78
3914,2,208,2,208,208,1944,,,78
45,2,208,2,208,208,1945,,,79
5076,2,208,2,208,208,1946,,,79
5778,2,208,2,208,208,1947,,,80
8811,2,208,2,208,208,1948,,,80
7058,2,208,2,208,208,1949,,,81
130,2,208,2,208,208,1950,,,81
4386,2,208,2,208,208,1951,,,82
5797,2,208,2,208,208,1952,,,82
4931,2,208,2,208,208,1953,,,83
5206,2,208,2,208,208,1954,,,83
2180,2,208,2,208,208,1955,,,84
7094,2,208,2,208,208,1956,,,84
832,2,208,2,208,208,1957,,,85
1691,2,208,2,208,208,1958,,,85
107,2,208,2,208,208,1959,0.63762,0.63762,86
5947,2,208,2,208,208,1960,0.63538,0.63538,86
8041,2,208,2,208,208,1961,0.63219,0.63219,87
4195,2,208,2,208,208,1962,0.58669,0.58669,87
8042,2,208,2,208,208,1963,0.59292,0.59292,88
4780,2,208,2,208,208,1964,0.64595,0.64595,88
6565,2,208,2,208,208,1965,0.66548,0.66548,89
6803,2,208,2,208,208,1966,0.6486,0.6486,89
1924,2,208,2,208,208,1967,0.61562,0.61562,90
5065,2,208,2,208,208,1968,0.60389,0.60389,90
9544,2,208,2,208,208,1969,0.59803,0.59803,91
7627,2,208,2,208,208,1970,0.59509,0.59509,91
6489,2,208,2,208,208,1971,0.59363,0.59363,92
3694,2,208,2,208,208,1972,0.5929,0.5929,92
9635,2,208,2,208,208,1973,0.63448,0.63448,93
5156,2,208,2,208,208,1974,0.66852,0.66852,93
2628,2,208,2,208,208,1975,0.65685,0.65685,94
3099,2,208,2,208,208,1976,0.6658,0.6658,94
6806,2,208,2,208,208,1977,0.66106,0.66106,95
1855,2,208,2,208,208,1978,0.6464,0.6464,95
799,2,208,2,208,208,1979,0.64051,0.64051,96
110,2,208,2,208,208,1980,0.646,0.646,96
3591,2,208,2,208,208,1981,0.61835,0.61835,97
2058,2,208,2,208,208,1982,0.62973,0.62973,97
2000,2,208,2,208,208,1983,0.62062,0.62062,98
4190,2,208,2,208,208,1984,0.62107,0.62107,98
3412,2,208,2,208,208,1985,0.60801,0.60801,99
7764,2,208,2,208,208,1986,0.62099,0.62099,99
8050,2,208,2,208,208,1987,0.6103,0.6103,100
3969,2,208,2,208,208,1988,0.60892,0.60892,100
1592,2,208,2,208,208,1989,0.63087,0.63087,101
8240,2,208,2,208,208,1990,0.65832,0.65832,101
7583,2,208,2,208,208,1991,0.67276,0.67276,102
6471,2,208,2,208,208,1992,0.6998,0.6998,102
9736,2,208,2,208,208,1993,0.69293,0.69293,103
4272,2,208,2,208,208,1994,0.67188,0.67188,103
7218,2,208,2,208,208,1995,0.70006,0.70006,104
819,2,208,2,208,208,1996,0.67933,0.67933,104
3452,2,208,2,208,208,1997,0.66114,0.66114,105
1718,2,208,2,208,208,1998,0.63843,0.63843,105
2883,2,208,2,208,208,1999,0.63845,0.63845,106
9034,2,208,2,208,208,2000,0.62606,0.62606,106
2389,2,208,2,208,208,2001,0.6321,0.6321,107
8107,2,208,2,208,208,2002,0.62253,0.62253,107
7564,2,208,2,208,208,2003,0.62034,0.62034,108
3943,2,208,2,208,208,2004,0.59971,0.59971,108
4912,2,208,2,208,208,2005,0.61263,0.61263,109
5232,2,208,2,208,208,2006,0.60307,0.60307,109
6235,2,208,2,208,208,2007,0.60001,0.60001,110
1909,2,208,2,208,208,2008,0.6026,0.6026,110
6999,2,208,2,208,208,2009,0.59293,0.59293,111
2720,2,208,2,208,208,2010,0.58369,0.58369,111
249,2,208,2,208,208,2011,0.58804,0.58804,112
8114,2,208,2,208,208,2012,0.59278,0.59278,112
5961,2,208,2,208,208,2013,0.58514,0.58514,113
4212,2,208,2,208,208,2014,0.59672,0.59672,113
6654,2,208,2,208,208,2015,0.6124,0.6124,114
3322,2,208,2,208,208,2016,0.60769,0.60769,114
2956,2,208,2,208,208,2017,0.62795,0.62795,115
4183,2,208,2,208,208,2018,0.63463,0.63463,115
1296,3,301,3,301,301,1940,,,76
5584,3,301,3,301,301,1941,,,77
9382,3,301,3,301,301,1942,,,77
8744,3,301,3,301,301,1943,,,78
9033,3,301,3,301,301,1944,,,78
2148,3,301,3,301,301,1945,,,79
630,3,301,3,301,301,1946,,,79
7109,3,301,3,301,301,1947,,,80
1183,3,301,3,301,301,1948,,,80
3628,3,301,3,301,301,1949,,,81
5271,3,301,3,301,301,1950,,,81
638,3,301,3,301,301,1951,,,82
5353,3,301,3,301,301,1952,,,82
5725,3,301,3,301,301,1953,,,83
6846,3,301,3,301,301,1954,,,83
8419,3,301,3,301,301,1955,,,84
4288,3,301,3,301,301,1956,0.61199,0.61199,84
8328,3,301,3,301,301,1957,0.65795,0.65795,85
3927,3,301,3,301,301,1958,0.66206,0.66206,85
8546,3,301,3,301,301,1959,0.66243,0.66243,86
4580,3,301,3,301,301,1960,0.70468,0.70468,86
5005,3,301,3,301,301,1961,0.69429,0.69429,87
8249,3,301,3,301,301,1962,0.67639,0.67639,87
2609,3,301,3,301,301,1963,0.67262,0.67262,88
433,3,301,3,301,301,1964,0.6718,0.6718,88
3285,3,301,3,301,301,1965,0.69709,0.69709,89
9144,3,301,3,301,301,1966,0.67173,0.67173,89
198,3,301,3,301,301,1967,0.69985,0.69985,90
3903,3,301,3,301,301,1968,0.73637,0.73637,90
4857,3,301,3,301,301,1969,0.76296,0.76296,91
1000,3,301,3,301,301,1970,0.7757,0.7757,91
1849,3,301,3,301,301,1971,0.77544,0.77544,92
3715,3,301,3,301,301,1972,0.77927,0.77927,92
4581,3,301,3,301,301,1973,0.7587,0.7587,93
393,3,301,3,301,301,1974,0.76272,0.76272,93
6575,3,301,3,301,301,1975,0.72574,0.72574,94
3966,3,301,3,301,301,1976,0.71886,0.71886,94
7610,3,301,3,301,301,1977,0.71285,0.71285,95
2605,3,301,3,301,301,1978,0.70204,0.70204,95
7868,3,301,3,301,301,1979,0.69622,0.69622,96
6730,3,301,3,301,301,1980,0.67946,0.67946,96
7467,3,301,3,301,301,1981,0.69048,0.69048,97
2545,3,301,3,301,301,1982,0.7045,0.7045,97
7023,3,301,3,301,301,1983,0.71061,0.71061,98
3341,3,301,3,301,301,1984,0.71302,0.71302,98
2455,3,301,3,301,301,1985,0.7306,0.7306,99
1017,3,301,3,301,301,1986,0.75076,0.75076,99
6701,3,301,3,301,301,1987,0.77568,0.77568,100
7508,3,301,3,301,301,1988,0.7713,0.7713,100
7650,3,301,3,301,301,1989,0.78122,0.78122,101
5821,3,301,3,301,301,1990,0.79369,0.79369,101
3633,3,301,3,301,301,1991,0.78985,0.78985,102
5205,3,301,3,301,301,1992,0.83489,0.83489,102
6348,3,301,3,301,301,1993,0.74892,0.74892,103
6346,3,301,3,301,301,1994,0.70277,0.70277,103
2576,3,301,3,301,301,1995,0.68997,0.68997,104
2662,3,301,3,301,301,1996,0.71154,0.71154,104
8515,3,301,3,301,301,1997,0.7245,0.7245,105
302,3,301,3,301,301,1998,0.73576,0.73576,105
9659,3,301,3,301,301,1999,0.74567,0.74567,106
4324,3,301,3,301,301,2000,0.76081,0.76081,106
6029,3,301,3,301,301,2001,0.75322,0.75322,107
6769,3,301,3,301,301,2002,0.76752,0.76752,107
7612,3,301,3,301,301,2003,0.74544,0.74544,108
4254,3,301,3,301,301,2004,0.76182,0.76182,108
5401,3,301,3,301,301,2005,0.7478,0.7478,109
1528,3,301,3,301,301,2006,0.76071,0.76071,109
9613,3,301,3,301,301,2007,0.75961,0.75961,110
5065,3,301,3,301,301,2008,0.74586,0.74586,110
8714,3,301,3,301,301,2009,0.68574,0.68574,111
4767,3,301,3,301,301,2010,0.64555,0.64555,111
5544,3,301,3,301,301,2011,0.69517,0.69517,112
1737,3,301,3,301,301,2012,0.66951,0.66951,112
9715,3,301,3,301,301,2013,0.65083,0.65083,113
9888,3,301,3,301,301,2014,0.63651,0.63651,113
1654,3,301,3,301,301,2015,0.7021,0.7021,114
3922,3,301,3,301,301,2016,0.69498,0.69498,114
3900,3,301,3,301,301,2017,0.74025,0.74025,115
1840,3,301,3,301,301,2018,0.75998,0.75998,115
3436,3,344,3,344,344,1940,,,76
4566,3,344,3,344,344,1941,,,77
7926,3,344,3,344,344,1942,,,77
9885,3,344,3,344,344,1943,,,78
4409,3,344,3,344,344,1944,,,78
9735,3,344,3,344,344,1945,,,79
3289,3,344,3,344,344,1946,,,79
2324,3,344,3,344,344,1947,,,80
1695,3,344,3,344,344,1948,,,80
2110,3,344,3,344,344,1949,,,81
9627,3,344,3,344,344,1950,,,81
2759,3,344,3,344,344,1951,,,82
6220,3,344,3,344,344,1952,,,82
5042,3,344,3,344,344,1953,,,83
8902,3,344,3,344,344,1954,,,83
253,3,344,3,344,344,1955,,,84
6830,3,344,3,344,344,1956,,,84
1632,3,344,3,344,344,1957,,,85
1288,3,344,3,344,344,1958,,,85
4059,3,344,3,344,344,1959,,,86
189,3,344,3,344,344,1960,,,86
5906,3,344,3,344,344,1961,,,87
666,3,344,3,344,344,1962,,,87
2347,3,344,3,344,344,1963,,,88
3421,3,344,3,344,344,1964,,,88
6094,3,344,3,344,344,1965,,,89
7589,3,344,3,344,344,1966,,,89
9579,3,344,3,344,344,1967,,,90
8462,3,344,3,344,344,1968,,,90
7985,3,344,3,344,344,1969,,,91
7659,3,344,3,344,344,1970,,,91
673,3,344,3,344,344,1971,,,92
8736,3,344,3,344,344,1972,,,92
184,3,344,3,344,344,1973,0.90953,0.90953,93
525,3,344,3,344,344,1974,0.89296,0.89296,93
5146,3,344,3,344,344,1975,0.85097,0.85097,94
8312,3,344,3,344,344,1976,0.86806,0.86806,94
2221,3,344,3,344,344,1977,0.84633,0.84633,95
4882,3,344,3,344,344,1978,0.84117,0.84117,95
4609,3,344,3,344,344,1979,0.85371,0.85371,96
8429,3,344,3,344,344,1980,0.86814,0.86814,96
6734,3,344,3,344,344,1981,0.86149,0.86149,97
8172,3,344,3,344,344,1982,0.85299,0.85299,97
3952,3,344,3,344,344,1983,0.90545,0.90545,98
1194,3,344,3,344,344,1984,0.9007,0.9007,98
9515,3,344,3,344,344,1985,0.90802,0.90802,99
1035,3,344,3,344,344,1986,0.89455,0.89455,99
458,3,344,3,344,344,1987,0.93463,0.93463,100
2176,3,344,3,344,344,1988,0.93372,0.93372,100
2520,3,344,3,344,344,1989,0.91561,0.91561,101
2795,3,344,3,344,344,1990,0.90536,0.90536,101
3540,3,344,3,344,344,1991,0.88804,0.88804,102
5574,3,344,3,344,344,1992,0.87837,0.87837,102
3494,3,344,3,344,344,1993,0.87273,0.87273,103
7584,3,344,3,344,344,1994,0.85659,0.85659,103
2887,3,344,3,344,344,1995,0.84342,0.84342,104
1698,3,344,3,344,344,1996,0.826,0.826,104
8123,3,344,3,344,344,1997,0.83326,0.83326,105
3605,3,344,3,344,344,1998,0.84473,0.84473,105
8213,3,344,3,344,344,1999,0.85272,0.85272,106
5501,3,344,3,344,344,2000,0.86141,0.86141,106
99,3,344,3,344,344,2001,0.84982,0.84982,107
381,3,344,3,344,344,2002,0.83714,0.83714,107
4091,3,344,3,344,344,2003,0.8375,0.8375,108
8015,3,344,3,344,344,2004,0.8369,0.8369,108
7859,3,344,3,344,344,2005,0.85129,0.85129,109
9663,3,344,3,344,344,2006,0.87172,0.87172,109
4253,3,344,3,344,344,2007,0.8539,0.8539,110
1261,3,344,3,344,344,2008,0.83129,0.83129,110
8874,3,344,3,344,344,2009,0.82902,0.82902,111
8337,3,344,3,344,344,2010,0.82547,0.82547,111
474,3,344,3,344,344,2011,0.80454,0.80454,112
7386,3,344,3,344,344,2012,0.78589,0.78589,112
1903,3,344,3,344,344,2013,0.79842,0.79842,113
8254,3,344,3,344,344,2014,0.80989,0.80989,113
641,3,344,3,344,344,2015,0.84172,0.84172,114
7870,3,344,3,344,344,2016,0.87807,0.87807,114
3567,3,344,3,344,344,2017,0.88501,0.88501,115
3902,3,344,3,344,344,2018,0.88888,0.88888,115
7265,3,398,3,398,398,1940,,,76
1827,3,398,3,398,398,1941,,,77
1882,3,398,3,398,398,1942,,,77
1057,3,398,3,398,398,1943,,,78
1910,3,398,3,398,398,1944,,,78
9528,3,398,3,398,398,1945,,,79
3719,3,398,3,398,398,1946,,,79
9507,3,398,3,398,398,1947,,,80
9047,3,398,3,398,398,1948,,,80
6126,3,398,3,398,398,1949,,,81
9921,3,398,3,398,398,1950,,,81
4824,3,398,3,398,398,1951,,,82
5965,3,398,3,398,398,1952,,,82
1285,3,398,3,398,398,1953,,,83
3303,3,398,3,398,398,1954,,,83
5016,3,398,3,398,398,1955,,,84
5335,3,398,3,398,398,1956,,,84
6216,3,398,3,398,398,1957,,,85
7404,3,398,3,398,398,1958,,,85
6882,3,398,3,398,398,1959,,,86
5514,3,398,3,398,398,1960,,,86
9630,3,398,3,398,398,1961,,,87
8450,3,398,3,398,398,1962,,,87
6591,3,398,3,398,398,1963,,,88
9197,3,398,3,398,398,1964,,,88
9556,3,398,3,398,398,1965,,,89
1508,3,398,3,398,398,1966,,,89
83,3,398,3,398,398,1967,,,90
8246,3,398,3,398,398,1968,,,90
8911,3,398,3,398,398,1969,,,91
888,3,398,3,398,398,1970,,,91
6527,3,398,3,398,398,1971,,,92
5912,3,398,3,398,398,1972,,,92
7279,3,398,3,398,398,1973,,,93
9318,3,398,3,398,398,1974,,,93
1035,3,398,3,398,398,1975,,,94
344,3,398,3,398,398,1976,,,94
604,3,398,3,398,398,1977,,,95
2925,3,398,3,398,398,1978,,,95
2725,3,398,3,398,398,1979,,,96
947,3,398,3,398,398,1980,,,96
4765,3,398,3,398,398,1981,,,97
9674,3,398,3,398,398,1982,,,97
2239,3,398,3,398,398,1983,,,98
5775,3,398,3,398,398,1984,,,98
3762,3,398,3,398,398,1985,,,99
5278,3,398,3,398,398,1986,,,99
8393,3,398,3,398,398,1987,,,100
1223,3,398,3,398,398,1988,,,100
4803,3,398,3,398,398,1989,,,101
2534,3,398,3,398,398,1990,,,101
8795,3,398,3,398,398,1991,,,102
779,3,398,3,398,398,1992,,,102
7168,3,398,3,398,398,1993,,,103
7277,3,398,3,398,398,1994,,,103
812,3,398,3,398,398,1995,,,104
4155,3,398,3,398,398,1996,,,104
7877,3,398,3,398,398,1997,,,105
4490,3,398,3,398,398,1998,,,105
178,3,398,3,398,398,1999,,,106
5627,3,398,3,398,398,2000,,,106
9475,3,398,3,398,398,2001,0.69801,0.69801,107
5187,3,398,3,398,398,2002,0.68986,0.68986,107
7724,3,398,3,398,398,2003,0.72372,0.72372,108
5175,3,398,3,398,398,2004,0.75046,0.75046,108
278,3,398,3,398,398,2005,0.74499,0.74499,109
7389,3,398,3,398,398,2006,0.75997,0.75997,109
2118,3,398,3,398,398,2007,0.73627,0.73627,110
7974,3,398,3,398,398,2008,0.7454,0.7454,110
4795,3,398,3,398,398,2009,0.74428,0.74428,111
3885,3,398,3,398,398,2010,0.74209,0.74209,111
516,3,398,3,398,398,2011,0.72927,0.72927,112
8270,3,398,3,398,398,2012,0.7198,0.7198,112
5886,3,398,3,398,398,2013,0.73439,0.73439,113
4718,3,398,3,398,398,2014,0.74669,0.74669,113
16,3,398,3,398,398,2015,0.75925,0.75925,114
4709,3,398,3,398,398,2016,0.76722,0.76722,114
2235,3,398,3,398,398,2017,0.79935,0.79935,115
4969,3,398,3,398,398,2018,0.82269,0.82269,115
3361,5,500,5,500,500,1940,,,76
8580,5,500,5,500,500,1941,,,77
9133,5,500,5,500,500,1942,,,77
9954,5,500,5,500,500,1943,,,78
7848,5,500,5,500,500,1944,,,78
8766,5,500,5,500,500,1945,,,79
5878,5,500,5,500,500,1946,,,79
7127,5,500,5,500,500,1947,,,80
4359,5,500,5,500,500,1948,,,80
6675,5,500,5,500,500,1949,,,81
6928,5,500,5,500,500,1950,,,81
7055,5,500,5,500,500,1951,,,82
7173,5,500,5,500,500,1952,,,82
9802,5,500,5,500,500,1953,,,83
3796,5,500,5,500,500,1954,,,83
5431,5,500,5,500,500,1955,,,84
8545,5,500,5,500,500,1956,,,84
7308,5,500,5,500,500,1957,,,85
294,5,500,5,500,500,1958,,,85
4698,5,500,5,500,500,1959,,,86
211,5,500,5,500,500,1960,,,86
5634,5,500,5,500,500,1961,,,87
3392,5,500,5,500,500,1962,,,87
9692,5,500,5,500,500,1963,,,88
571,5,500,5,500,500,1964,,,88
5422,5,500,5,500,500,1965,0.20747,0.20747,89
3847,5,500,5,500,500,1966,0.16836,0.16836,89
3209,5,500,5,500,500,1967,0.14201,0.14201,90
8405,5,500,5,500,500,1968,0.12539,0.12539,90
9484,5,500,5,500,500,1969,0.16484,0.16484,91
4078,5,500,5,500,500,1970,0.19339,0.19339,91
9031,5,500,5,500,500,1971,0.20109,0.20109,92
6834,5,500,5,500,500,1972,0.20356,0.20356,92
516,5,500,5,500,500,1973,0.20452,0.20452,93
4881,5,500,5,500,500,1974,0.21584,0.21584,93
4185,5,500,5,500,500,1975,0.24094,0.24094,94
6988,5,500,5,500,500,1976,0.24782,0.24782,94
1409,5,500,5,500,500,1977,0.26268,0.26268,95
5464,5,500,5,500,500,1978,0.23403,0.23403,95
5437,5,500,5,500,500,1979,0.30895,0.30895,96
6911,5,500,5,500,500,1980,0.29381,0.29381,96
4704,5,500,5,500,500,1981,0.26948,0.26948,97
8622,5,500,5,500,500,1982,0.24397,0.24397,97
3162,5,500,5,500,500,1983,0.22619,0.22619,98
5041,5,500,5,500,500,1984,0.23207,0.23207,98
9330,5,500,5,500,500,1985,0.24012,0.24012,99
2479,5,500,5,500,500,1986,0.25042,0.25042,99
4476,5,500,5,500,500,1987,0.25335,0.25335,100
1198,5,500,5,500,500,1988,0.25435,0.25435,100
654,5,500,5,500,500,1989,0.25475,0.25475,101
9238,5,500,5,500,500,1990,0.25493,0.25493,101
3472,5,500,5,500,500,1991,0.25502,0.25502,102
9078,5,500,5,500,500,1992,0.25506,0.25506,102
1858,5,500,5,500,500,1993,0.25508,0.25508,103
8131,5,500,5,500,500,1994,0.25509,0.25509,103
8436,5,500,5,500,500,1995,0.25968,0.25968,104
4555,5,500,5,500,500,1996,0.26064,0.26064,104
5891,5,500,5,500,500,1997,0.26151,0.26151,105
9178,5,500,5,500,500,1998,0.26116,0.26116,105
9579,5,500,5,500,500,1999,0.25645,0.25645,106
7344,5,500,5,500,500,2000,0.24317,0.24317,106
943,5,500,5,500,500,2001,0.32702,0.32702,107
3571,5,500,5,500,500,2002,0.40084,0.40084,107
4364,5,500,5,500,500,2003,0.34674,0.34674,108
4253,5,500,5,500,500,2004,0.31808,0.31808,108
1633,5,500,5,500,500,2005,0.30692,0.30692,109
7558,5,500,5,500,500,2006,0.28712,0.28712,109
3180,5,500,5,500,500,2007,0.31391,0.31391,110
1074,5,500,5,500,500,2008,0.33992,0.33992,110
2317,5,500,5,500,500,2009,0.35417,0.35417,111
5631,5,500,5,500,500,2010,0.3147,0.3147,111
450,5,500,5,500,500,2011,0.2919,0.2919,112
5312,5,500,5,500,500,2012,0.25696,0.25696,112
916,5,500,5,500,500,2013,0.23058,0.23058,113
1352,5,500,5,500,500,2014,0.23817,0.23817,113
741,5,500,5,500,500,2015,0.24911,0.24911,114
8152,5,500,5,500,500,2016,0.2669,0.2669,114
656,5,500,5,500,500,2017,,,115
9057,5,500,5,500,500,2018,,,115
797,5,502,5,502,502,1940,,,76
2133,5,502,5,502,502,1941,,,77
6836,5,502,5,502,502,1942,,,77
9377,5,502,5,502,502,1943,,,78
8923,5,502,5,502,502,1944,,,78
6400,5,502,5,502,502,1945,,,79
6506,5,502,5,502,502,1946,,,79
7592,5,502,5,502,502,1947,,,80
2633,5,502,5,502,502,1948,,,80
2394,5,502,5,502,502,1949,,,81
9846,5,502,5,502,502,1950,,,81
9212,5,502,5,502,502,1951,,,82
1789,5,502,5,502,502,1952,,,82
2331,5,502,5,502,502,1953,,,83
1672,5,502,5,502,502,1954,,,83
7665,5,502,5,502,502,1955,,,84
3458,5,502,5,502,502,1956,,,84
4070,5,502,5,502,502,1957,,,85
8916,5,502,5,502,502,1958,,,85
6139,5,502,5,502,502,1959,,,86
2141,5,502,5,502,502,1960,,,86
8195,5,502,5,502,502,1961,,,87
1528,5,502,5,502,502,1962,,,87
5732,5,502,5,502,502,1963,,,88
5587,5,502,5,502,502,1964,,,88
8810,5,502,5,502,502,1965,,,89
9263,5,502,5,502,502,1966,,,89
4684,5,502,5,502,502,1967,,,90
9967,5,502,5,502,502,1968,,,90
3198,5,502,5,502,502,1969,,,91
8836,5,502,5,502,502,1970,,,91
850,5,502,5,502,502,1971,,,92
9381,5,502,5,502,502,1972,,,92
8266,5,502,5,502,502,1973,,,93
9871,5,502,5,502,502,1974,,,93
2985,5,502,5,502,502,1975,,,94
7341,5,502,5,502,502,1976,,,94
7240,5,502,5,502,502,1977,,,95
6211,5,502,5,502,502,1978,,,95
4994,5,502,5,502,502,1979,,,96
8358,5,502,5,502,502,1980,,,96
5238,5,502,5,502,502,1981,,,97
4375,5,502,5,502,502,1982,,,97
1232,5,502,5,502,502,1983,,,98
3977,5,502,5,502,502,1984,,,98
3235,5,502,5,502,502,1985,0.47696,0.47696,99
5748,5,502,5,502,502,1986,0.57855,0.57855,99
7523,5,502,5,502,502,1987,0.59533,0.59533,100
6319,5,502,5,502,502,1988,0.5981,0.5981,100
359,5,502,5,502,502,1989,0.67183,0.67183,101
1107,5,502,5,502,502,1990,0.61974,0.61974,101
4203,5,502,5,502,502,1991,0.6552,0.6552,102
7629,5,502,5,502,502,1992,0.60268,0.60268,102
8272,5,502,5,502,502,1993,0.59425,0.59425,103
1033,5,502,5,502,502,1994,0.59293,0.59293,103
5647,5,502,5,502,502,1995,0.59273,0.59273,104
3233,5,502,5,502,502,1996,0.56198,0.56198,104
5903,5,502,5,502,502,1997,0.5626,0.5626,105
2492,5,502,5,502,502,1998,0.55159,0.55159,105
9565,5,502,5,502,502,1999,0.55386,0.55386,106
907,5,502,5,502,502,2000,0.55389,0.55389,106
574,5,502,5,502,502,2001,0.5538,0.5538,107
7222,5,502,5,502,502,2002,0.55376,0.55376,107
9969,5,502,5,502,502,2003,0.55375,0.55375,108
6420,5,502,5,502,502,2004,0.55374,0.55374,108
1620,5,502,5,502,502,2005,0.55374,0.55374,109
4919,5,502,5,502,502,2006,0.57371,0.57371,109
6124,5,502,5,502,502,2007,0.53693,0.53693,110
9216,5,502,5,502,502,2008,0.52825,0.52825,110
4065,5,502,5,502,502,2009,0.52612,0.52612,111
2949,5,502,5,502,502,2010,0.52557,0.52557,111
8003,5,502,5,502,502,2011,0.52543,0.52543,112
4198,5,502,5,502,502,2012,0.5254,0.5254,112
5701,5,502,5,502,502,2013,0.52539,0.52539,113
5895,5,502,5,502,502,2014,0.52539,0.52539,113
7279,5,502,5,502,502,2015,0.52538,0.52538,114
1789,5,502,5,502,502,2016,0.59024,0.59024,114
879,5,502,5,502,502,2017,,,115
5693,5,502,5,502,502,2018,,,115
9074,5,504,5,504,504,1940,0.54077,0.54077,76
6437,5,504,5,504,504,1941,0.56516,0.56516,77
4998,5,504,5,504,504,1942,0.57022,0.57022,77
8657,5,504,5,504,504,1943,0.57128,0.57128,78
6045,5,504,5,504,504,1944,0.5715,0.5715,78
8128,5,504,5,504,504,1945,0.53669,0.53669,79
5578,5,504,5,504,504,1946,0.49429,0.49429,79
1187,5,504,5,504,504,1947,0.53545,0.53545,80
8750,5,504,5,504,504,1948,0.57418,0.57418,80
9230,5,504,5,504,504,1949,0.57001,0.57001,81
5027,5,504,5,504,504,1950,0.62058,0.62058,81
9396,5,504,5,504,504,1951,0.64471,0.64471,82
3504,5,504,5,504,504,1952,0.62784,0.62784,82
8187,5,504,5,504,504,1953,0.62452,0.62452,83
3709,5,504,5,504,504,1954,0.64425,0.64425,83
8553,5,504,5,504,504,1955,0.64564,0.64564,84
9128,5,504,5,504,504,1956,0.6192,0.6192,84
5082,5,504,5,504,504,1957,0.61782,0.61782,85
3905,5,504,5,504,504,1958,0.58366,0.58366,85
9823,5,504,5,504,504,1959,0.60471,0.60471,86
7838,5,504,5,504,504,1960,0.60373,0.60373,86
4743,5,504,5,504,504,1961,0.58894,0.58894,87
73,5,504,5,504,504,1962,0.57276,0.57276,87
6953,5,504,5,504,504,1963,0.57658,0.57658,88
9787,5,504,5,504,504,1964,0.57306,0.57306,88
853,5,504,5,504,504,1965,0.57767,0.57767,89
99,5,504,5,504,504,1966,0.56676,0.56676,89
7257,5,504,5,504,504,1967,0.5663,0.5663,90
8331,5,504,5,504,504,1968,0.55475,0.55475,90
4585,5,504,5,504,504,1969,0.55256,0.55256,91
5102,5,504,5,504,504,1970,0.55219,0.55219,91
3803,5,504,5,504,504,1971,0.55215,0.55215,92
4998,5,504,5,504,504,1972,0.54362,0.54362,92
6917,5,504,5,504,504,1973,0.52854,0.52854,93
5029,5,504,5,504,504,1974,0.49675,0.49675,93
2871,5,504,5,504,504,1975,0.4838,0.4838,94
7558,5,504,5,504,504,1976,0.47842,0.47842,94
9085,5,504,5,504,504,1977,0.47616,0.47616,95
4183,5,504,5,504,504,1978,0.49488,0.49488,95
7346,5,504,5,504,504,1979,0.48852,0.48852,96
3844,5,504,5,504,504,1980,0.48115,0.48115,96
5905,5,504,5,504,504,1981,0.48648,0.48648,97
2889,5,504,5,504,504,1982,0.48864,0.48864,97
692,5,504,5,504,504,1983,0.46887,0.46887,98
9231,5,504,5,504,504,1984,0.47688,0.47688,98
8385,5,504,5,504,504,1985,0.51009,0.51009,99
5966,5,504,5,504,504,1986,0.49356,0.49356,99
4001,5,504,5,504,504,1987,0.46507,0.46507,100
845,5,504,5,504,504,1988,0.4583,0.4583,100
2789,5,504,5,504,504,1989,0.45654,0.45654,101
5769,5,504,5,504,504,1990,0.4823,0.4823,101
3137,5,504,5,504,504,1991,0.54081,0.54081,102
6477,5,504,5,504,504,1992,0.55534,0.55534,102
7884,5,504,5,504,504,1993,0.55937,0.55937,103
9684,5,504,5,504,504,1994,0.56063,0.56063,103
9013,5,504,5,504,504,1995,0.56107,0.56107,104
6487,5,504,5,504,504,1996,0.54948,0.54948,104
8977,5,504,5,504,504,1997,0.52695,0.52695,105
6319,5,504,5,504,504,1998,0.52738,0.52738,105
9835,5,504,5,504,504,1999,0.5369,0.5369,106
3136,5,504,5,504,504,2000,0.5841,0.5841,106
656,5,504,5,504,504,2001,0.55058,0.55058,107
5742,5,504,5,504,504,2002,0.52298,0.52298,107
2369,5,504,5,504,504,2003,0.53898,0.53898,108
6450,5,504,5,504,504,2004,0.52406,0.52406,108
514,5,504,5,504,504,2005,0.52359,0.52359,109
2871,5,504,5,504,504,2006,0.52511,0.52511,109
5243,5,504,5,504,504,2007,0.52877,0.52877,110
9364,5,504,5,504,504,2008,0.52403,0.52403,110
4238,5,504,5,504,504,2009,0.46641,0.46641,111
1578,5,504,5,504,504,2010,0.47848,0.47848,111
8742,5,504,5,504,504,2011,0.4703,0.4703,112
2419,5,504,5,504,504,2012,0.4627,0.4627,112
8062,5,504,5,504,504,2013,0.45915,0.45915,113
5863,5,504,5,504,504,2014,0.46092,0.46092,113
3751,5,504,5,504,504,2015,0.46331,0.46331,114
9925,5,504,5,504,504,2016,0.47348,0.47348,114
3647,5,504,5,504,504,2017,0.49661,0.49661,115
3538,5,504,5,504,504,2018,0.511,0.511,115
630,13,1308,5,508,508,1940,,,76
2357,13,1308,5,508,508,1941,,,77
8886,13,1308,5,508,508,1942,,,77
7233,13,1308,5,508,508,1943,,,78
1971,13,1308,5,508,508,1944,,,78
9902,13,1308,5,508,508,1945,,,79
2470,13,1308,5,508,508,1946,,,79
8544,13,1308,5,508,508,1947,,,80
171,13,1308,5,508,508,1948,,,80
7260,13,1308,5,508,508,1949,,,81
2438,13,1308,5,508,508,1950,,,81
5809,13,1308,5,508,508,1951,,,82
3326,13,1308,5,508,508,1952,,,82
1493,13,1308,5,508,508,1953,,,83
5560,13,1308,5,508,508,1954,,,83
9585,13,1308,5,508,508,1955,,,84
132,13,1308,5,508,508,1956,,,84
2179,13,1308,5,508,508,1957,,,85
4876,13,1308,5,508,508,1958,,,85
6035,13,1308,5,508,508,1959,,,86
4180,13,1308,5,508,508,1960,,,86
4599,13,1308,5,508,508,1961,,,87
6732,13,1308,5,508,508,1962,,,87
1819,13,1308,5,508,508,1963,,,88
2106,13,1308,5,508,508,1964,,,88
7633,13,1308,5,508,508,1965,,,89
8432,13,1308,5,508,508,1966,,,89
6819,13,1308,5,508,508,1967,,,90
3461,13,1308,5,508,508,1968,,,90
246,13,1308,5,508,508,1969,,,91
7326,13,1308,5,508,508,1970,,,91
3677,13,1308,5,508,508,1971,,,92
1598,13,1308,5,508,508,1972,,,92
9884,13,1308,5,508,508,1973,,,93
1685,13,1308,5,508,508,1974,,,93
8420,13,1308,5,508,508,1975,,,94
2236,13,1308,5,508,508,1976,,,94
5000,13,1308,5,508,508,1977,,,95
6756,13,1308,5,508,508,1978,,,95
5458,13,1308,5,508,508,1979,,,96
2069,13,1308,5,508,508,1980,,,96
9299,13,1308,5,508,508,1981,,,97
194,13,1308,5,508,508,1982,,,97
6360,13,1308,5,508,508,1983,,,98
235,13,1308,5,508,508,1984,,,98
4493,13,1308,5,508,508,1985,,,99
3834,13,1308,5,508,508,1986,,,99
6646,13,1308,5,508,508,1987,,,100
6000,13,1308,5,508,508,1988,,,100
8666,13,1308,5,508,508,1989,,,101
8608,13,1308,5,508,508,1990,,,101
7057,13,1308,5,508,508,1991,,,102
5567,13,1308,5,508,508,1992,,,102
6102,13,1308,5,508,508,1993,,,103
1380,13,1308,5,508,508,1994,,,103
5214,13,1308,5,508,508,1995,,,104
5240,13,1308,5,508,508,1996,,,104
2281,13,1308,5,508,508,1997,,,105
2092,13,1308,5,508,508,1998,,,105
2806,13,1308,5,508,508,1999,,,106
133,13,1308,5,508,508,2000,,,106
4276,13,1308,5,508,508,2001,,,107
2779,13,1308,5,508,508,2002,,,107
5557,13,1308,5,508,508,2003,,,108
640,13,1308,5,508,508,2004,,,108
7209,13,1308,5,508,508,2005,,,109
4174,13,1308,5,508,508,2006,,,109
7771,13,1308,5,508,508,2007,,,110
7061,13,1308,5,508,508,2008,,,110
8791,13,1308,5,508,508,2009,,,111
952,13,1308,5,508,508,2010,,,111
8838,13,1308,5,508,508,2011,,,112
4905,13,1308,5,508,508,2012,,,112
5155,13,1308,5,508,508,2013,,,113
468,13,1308,5,508,508,2014,,,113
9887,13,1308,5,508,508,2015,,,114
934,13,1308,5,508,508,2016,,,114
9233,13,1308,5,508,508,2017,,,115
4226,13,1308,5,508,508,2018,,,115
4102,6,601,6,601,601,1940,,,76
5922,6,601,6,601,601,1941,,,77
8695,6,601,6,601,601,1942,,,77
4270,6,601,6,601,601,1943,,,78
2489,6,601,6,601,601,1944,,,78
3486,6,601,6,601,601,1945,,,79
7972,6,601,6,601,601,1946,,,79
1852,6,601,6,601,601,1947,,,80
1901,6,601,6,601,601,1948,,,80
6531,6,601,6,601,601,1949,,,81
5629,6,601,6,601,601,1950,,,81
8563,6,601,6,601,601,1951,,,82
6089,6,601,6,601,601,1952,,,82
3864,6,601,6,601,601,1953,,,83
2519,6,601,6,601,601,1954,,,83
5247,6,601,6,601,601,1955,,,84
331,6,601,6,601,601,1956,,,84
8611,6,601,6,601,601,1957,,,85
8313,6,601,6,601,601,1958,,,85
1664,6,601,6,601,601,1959,,,86
2748,6,601,6,601,601,1960,,,86
8270,6,601,6,601,601,1961,,,87
7748,6,601,6,601,601,1962,,,87
7186,6,601,6,601,601,1963,,,88
9343,6,601,6,601,601,1964,,,88
7692,6,601,6,601,601,1965,,,89
6914,6,601,6,601,601,1966,,,89
8981,6,601,6,601,601,1967,,,90
3480,6,601,6,601,601,1968,,,90
1670,6,601,6,601,601,1969,,,91
4801,6,601,6,601,601,1970,,,91
8185,6,601,6,601,601,1971,,,92
680,6,601,6,601,601,1972,,,92
485,6,601,6,601,601,1973,,,93
4453,6,601,6,601,601,1974,,,93
1170,6,601,6,601,601,1975,,,94
3096,6,601,6,601,601,1976,,,94
5280,6,601,6,601,601,1977,,,95
8724,6,601,6,601,601,1978,,,95
6318,6,601,6,601,601,1979,,,96
2996,6,601,6,601,601,1980,,,96
7595,6,601,6,601,601,1981,,,97
8660,6,601,6,601,601,1982,,,97
6297,6,601,6,601,601,1983,,,98
7142,6,601,6,601,601,1984,,,98
3564,6,601,6,601,601,1985,,,99
815,6,601,6,601,601,1986,,,99
4993,6,601,6,601,601,1987,,,100
824,6,601,6,601,601,1988,,,100
6961,6,601,6,601,601,1989,,,101
348,6,601,6,601,601,1990,0.86173,0.86173,101
268,6,601,6,601,601,1991,0.84557,0.84557,102
6198,6,601,6,601,601,1992,0.84557,0.84557,102
1004,6,601,6,601,601,1993,0.84557,0.84557,103
4013,6,601,6,601,601,1994,0.84557,0.84557,103
6808,6,601,6,601,601,1995,0.84557,0.84557,104
2341,6,601,6,601,601,1996,0.82941,0.82941,104
5303,6,601,6,601,601,1997,0.8864,0.8864,105
8593,6,601,6,601,601,1998,0.88641,0.88641,105
6303,6,601,6,601,601,1999,0.88641,0.88641,106
7630,6,601,6,601,601,2000,0.88641,0.88641,106
9740,6,601,6,601,601,2001,0.88641,0.88641,107
5700,6,601,6,601,601,2002,0.88641,0.88641,107
2000,6,601,6,601,601,2003,0.88641,0.88641,108
7518,6,601,6,601,601,2004,0.88641,0.88641,108
3968,6,601,6,601,601,2005,0.88641,0.88641,109
8558,6,601,6,601,601,2006,0.94341,0.94341,109
3990,6,601,6,601,601,2007,0.91062,0.91062,110
7799,6,601,6,601,601,2008,0.91062,0.91062,110
6604,6,601,6,601,601,2009,0.91062,0.91062,111
2900,6,601,6,601,601,2010,0.91062,0.91062,111
8552,6,601,6,601,601,2011,0.91062,0.91062,112
8893,6,601,6,601,601,2012,0.91062,0.91062,112
3071,6,601,6,601,601,2013,0.91062,0.91062,113
4653,6,601,6,601,601,2014,0.91062,0.91062,113
3805,6,601,6,601,601,2015,0.91062,0.91062,114
6495,6,601,6,601,601,2016,0.87782,0.87782,114
2081,6,601,6,601,601,2017,,,115
2536,6,601,6,601,601,2018,,,115
4660,6,602,6,602,602,1940,,,76
3725,6,602,6,602,602,1941,,,77
7926,6,602,6,602,602,1942,,,77
5752,6,602,6,602,602,1943,,,78
8094,6,602,6,602,602,1944,,,78
2290,6,602,6,602,602,1945,,,79
1866,6,602,6,602,602,1946,,,79
8359,6,602,6,602,602,1947,,,80
2196,6,602,6,602,602,1948,,,80
4554,6,602,6,602,602,1949,,,81
4812,6,602,6,602,602,1950,,,81
3844,6,602,6,602,602,1951,,,82
5720,6,602,6,602,602,1952,,,82
4418,6,602,6,602,602,1953,,,83
7916,6,602,6,602,602,1954,,,83
8679,6,602,6,602,602,1955,,,84
1218,6,602,6,602,602,1956,0.79821,0.79821,84
8748,6,602,6,602,602,1957,0.82101,0.82101,85
6374,6,602,6,602,602,1958,0.78008,0.78008,85
1723,6,602,6,602,602,1959,0.7573,0.7573,86
827,6,602,6,602,602,1960,0.75115,0.75115,86
6840,6,602,6,602,602,1961,0.72914,0.72914,87
2405,6,602,6,602,602,1962,0.72428,0.72428,87
4570,6,602,6,602,602,1963,0.72303,0.72303,88
850,6,602,6,602,602,1964,0.7227,0.7227,88
9586,6,602,6,602,602,1965,0.69811,0.69811,89
6726,6,602,6,602,602,1966,0.69257,0.69257,89
8006,6,602,6,602,602,1967,0.69132,0.69132,90
1445,6,602,6,602,602,1968,0.67063,0.67063,90
2885,6,602,6,602,602,1969,0.66042,0.66042,91
6555,6,602,6,602,602,1970,0.66424,0.66424,91
9264,6,602,6,602,602,1971,0.64968,0.64968,92
8290,6,602,6,602,602,1972,0.66345,0.66345,92
1137,6,602,6,602,602,1973,0.64676,0.64676,93
1017,6,602,6,602,602,1974,0.6507,0.6507,93
8028,6,602,6,602,602,1975,0.63529,0.63529,94
1775,6,602,6,602,602,1976,0.62842,0.62842,94
9174,6,602,6,602,602,1977,0.63162,0.63162,95
9792,6,602,6,602,602,1978,0.62596,0.62596,95
9468,6,602,6,602,602,1979,0.63734,0.63734,96
5473,6,602,6,602,602,1980,0.62742,0.62742,96
2647,6,602,6,602,602,1981,0.63962,0.63962,97
3465,6,602,6,602,602,1982,0.65462,0.65462,97
6081,6,602,6,602,602,1983,0.6754,0.6754,98
58,6,602,6,602,602,1984,0.67316,0.67316,98
4250,6,602,6,602,602,1985,0.67575,0.67575,99
1179,6,602,6,602,602,1986,0.68837,0.68837,99
5457,6,602,6,602,602,1987,0.69799,0.69799,100
6046,6,602,6,602,602,1988,0.70501,0.70501,100
9573,6,602,6,602,602,1989,0.7191,0.7191,101
5477,6,602,6,602,602,1990,0.72584,0.72584,101
6652,6,602,6,602,602,1991,0.70823,0.70823,102
3041,6,602,6,602,602,1992,0.71118,0.71118,102
4146,6,602,6,602,602,1993,0.6979,0.6979,103
3326,6,602,6,602,602,1994,0.69739,0.69739,103
4794,6,602,6,602,602,1995,0.69971,0.69971,104
5053,6,602,6,602,602,1996,0.69962,0.69962,104
9068,6,602,6,602,602,1997,0.67462,0.67462,105
6854,6,602,6,602,602,1998,0.67711,0.67711,105
6610,6,602,6,602,602,1999,0.66453,0.66453,106
2232,6,602,6,602,602,2000,0.69397,0.69397,106
2227,6,602,6,602,602,2001,0.7086,0.7086,107
6005,6,602,6,602,602,2002,0.69855,0.69855,107
6926,6,602,6,602,602,2003,0.70648,0.70648,108
2073,6,602,6,602,602,2004,0.70295,0.70295,108
1605,6,602,6,602,602,2005,0.69759,0.69759,109
951,6,602,6,602,602,2006,0.69464,0.69464,109
4979,6,602,6,602,602,2007,0.70904,0.70904,110
8191,6,602,6,602,602,2008,0.69692,0.69692,110
2098,6,602,6,602,602,2009,0.69449,0.69449,111
7950,6,602,6,602,602,2010,0.69618,0.69618,111
6323,6,602,6,602,602,2011,0.68442,0.68442,112
7438,6,602,6,602,602,2012,0.67233,0.67233,112
4748,6,602,6,602,602,2013,0.67037,0.67037,113
8060,6,602,6,602,602,2014,0.6721,0.6721,113
1531,6,602,6,602,602,2015,0.67458,0.67458,114
4076,6,602,6,602,602,2016,0.67642,0.67642,114
240,6,602,6,602,602,2017,0.68507,0.68507,115
5631,6,602,6,602,602,2018,0.69234,0.69234,115
6234,7,705,7,705,705,1940,,,76
5010,7,705,7,705,705,1941,,,77
5177,7,705,7,705,705,1942,,,77
110,7,705,7,705,705,1943,,,78
3712,7,705,7,705,705,1944,,,78
4509,7,705,7,705,705,1945,,,79
3017,7,705,7,705,705,1946,,,79
454,7,705,7,705,705,1947,,,80
8823,7,705,7,705,705,1948,,,80
9841,7,705,7,705,705,1949,,,81
5906,7,705,7,705,705,1950,,,81
2602,7,705,7,705,705,1951,,,82
8402,7,705,7,705,705,1952,,,82
9413,7,705,7,705,705,1953,,,83
9294,7,705,7,705,705,1954,,,83
222,7,705,7,705,705,1955,,,84
3984,7,705,7,705,705,1956,,,84
5330,7,705,7,705,705,1957,,,85
4228,7,705,7,705,705,1958,,,85
6975,7,705,7,705,705,1959,,,86
2411,7,705,7,705,705,1960,,,86
8113,7,705,7,705,705,1961,,,87
3884,7,705,7,705,705,1962,,,87
5445,7,705,7,705,705,1963,,,88
1247,7,705,7,705,705,1964,,,88
9116,7,705,7,705,705,1965,,,89
2997,7,705,7,705,705,1966,,,89
6161,7,705,7,705,705,1967,,,90
4087,7,705,7,705,705,1968,,,90
6208,7,705,7,705,705,1969,,,91
6553,7,705,7,705,705,1970,,,91
9177,7,705,7,705,705,1971,,,92
5531,7,705,7,705,705,1972,,,92
155,7,705,7,705,705,1973,,,93
7399,7,705,7,705,705,1974,,,93
5717,7,705,7,705,705,1975,,,94
8572,7,705,7,705,705,1976,,,94
5689,7,705,7,705,705,1977,,,95
5672,7,705,7,705,705,1978,,,95
1585,7,705,7,705,705,1979,,,96
630,7,705,7,705,705,1980,,,96
7413,7,705,7,705,705,1981,,,97
8426,7,705,7,705,705,1982,,,97
5482,7,705,7,705,705,1983,,,98
1173,7,705,7,705,705,1984,,,98
5571,7,705,7,705,705,1985,,,99
4329,7,705,7,705,705,1986,,,99
9935,7,705,7,705,705,1987,,,100
6326,7,705,7,705,705,1988,,,100
4376,7,705,7,705,705,1989,,,101
6778,7,705,7,705,705,1990,,,101
7059,7,705,7,705,705,1991,,,102
1947,7,705,7,705,705,1992,,,102
3067,7,705,7,705,705,1993,,,103
7259,7,705,7,705,705,1994,,,103
3440,7,705,7,705,705,1995,,,104
6003,7,705,7,705,705,1996,0.61619,0.61619,104
1751,7,705,7,705,705,1997,0.61619,0.61619,105
110,7,705,7,705,705,1998,0.61619,0.61619,105
4366,7,705,7,705,705,1999,0.61619,0.61619,106
5900,7,705,7,705,705,2000,0.61619,0.61619,106
7675,7,705,7,705,705,2001,0.61619,0.61619,107
456,7,705,7,705,705,2002,0.61619,0.61619,107
1713,7,705,7,705,705,2003,0.61619,0.61619,108
2468,7,705,7,705,705,2004,0.61619,0.61619,108
3636,7,705,7,705,705,2005,0.61619,0.61619,109
9870,7,705,7,705,705,2006,0.61619,0.61619,109
9864,7,705,7,705,705,2007,0.61619,0.61619,110
865,7,705,7,705,705,2008,0.61619,0.61619,110
1318,7,705,7,705,705,2009,0.51945,0.51945,111
7100,7,705,7,705,705,2010,,,111
2504,7,705,7,705,705,2011,,,112
3787,7,705,7,705,705,2012,,,112
7896,7,705,7,705,705,2013,,,113
9829,7,705,7,705,705,2014,,,113
9211,7,705,7,705,705,2015,,,114
5315,7,705,7,705,705,2016,,,114
586,7,705,7,705,705,2017,,,115
7410,7,705,7,705,705,2018,,,115
6179,7,709,7,709,709,1940,,,76
8864,7,709,7,709,709,1941,,,77
2126,7,709,7,709,709,1942,,,77
8755,7,709,7,709,709,1943,,,78
4268,7,709,7,709,709,1944,,,78
2557,7,709,7,709,709,1945,,,79
9675,7,709,7,709,709,1946,,,79
9015,7,709,7,709,709,1947,,,80
6076,7,709,7,709,709,1948,,,80
6515,7,709,7,709,709,1949,,,81
7597,7,709,7,709,709,1950,,,81
9691,7,709,7,709,709,1951,,,82
1406,7,709,7,709,709,1952,,,82
6630,7,709,7,709,709,1953,,,83
2498,7,709,7,709,709,1954,,,83
9175,7,709,7,709,709,1955,,,84
6961,7,709,7,709,709,1956,,,84
3852,7,709,7,709,709,1957,,,85
4528,7,709,7,709,709,1958,,,85
6307,7,709,7,709,709,1959,,,86
3001,7,709,7,709,709,1960,,,86
5521,7,709,7,709,709,1961,,,87
4471,7,709,7,709,709,1962,,,87
1538,7,709,7,709,709,1963,,,88
1814,7,709,7,709,709,1964,,,88
1383,7,709,7,709,709,1965,,,89
5627,7,709,7,709,709,1966,,,89
9519,7,709,7,709,709,1967,,,90
9201,7,709,7,709,709,1968,,,90
3726,7,709,7,709,709,1969,,,91
2386,7,709,7,709,709,1970,,,91
3408,7,709,7,709,709,1971,,,92
5018,7,709,7,709,709,1972,,,92
1673,7,709,7,709,709,1973,,,93
7849,7,709,7,709,709,1974,,,93
8700,7,709,7,709,709,1975,,,94
6217,7,709,7,709,709,1976,,,94
813,7,709,7,709,709,1977,,,95
9777,7,709,7,709,709,1978,,,95
8996,7,709,7,709,709,1979,,,96
2909,7,709,7,709,709,1980,,,96
2922,7,709,7,709,709,1981,,,97
9035,7,709,7,709,709,1982,,,97
6042,7,709,7,709,709,1983,,,98
8122,7,709,7,709,709,1984,,,98
6173,7,709,7,709,709,1985,,,99
4123,7,709,7,709,709,1986,,,99
6594,7,709,7,709,709,1987,,,100
9806,7,709,7,709,709,1988,,,100
258,7,709,7,709,709,1989,,,101
3567,7,709,7,709,709,1990,,,101
4983,7,709,7,709,709,1991,,,102
536,7,709,7,709,709,1992,,,102
8338,7,709,7,709,709,1993,,,103
3252,7,709,7,709,709,1994,,,103
3900,7,709,7,709,709,1995,,,104
5070,7,709,7,709,709,1996,,,104
1470,7,709,7,709,709,1997,,,105
7579,7,709,7,709,709,1998,,,105
3798,7,709,7,709,709,1999,,,106
3978,7,709,7,709,709,2000,,,106
9718,7,709,7,709,709,2001,0.61109,0.61109,107
7964,7,709,7,709,709,2002,0.57707,0.57707,107
8835,7,709,7,709,709,2003,0.53285,0.53285,108
6634,7,709,7,709,709,2004,0.51073,0.51073,108
3207,7,709,7,709,709,2005,0.47535,0.47535,109
3093,7,709,7,709,709,2006,0.47808,0.47808,109
196,7,709,7,709,709,2007,0.55364,0.55364,110
9912,7,709,7,709,709,2008,0.46535,0.46535,110
5242,7,709,7,709,709,2009,,,111
8155,7,709,7,709,709,2010,,,111
8344,7,709,7,709,709,2011,,,112
7329,7,709,7,709,709,2012,,,112
9629,7,709,7,709,709,2013,,,113
5403,7,709,7,709,709,2014,,,113
3392,7,709,7,709,709,2015,,,114
6909,7,709,7,709,709,2016,,,114
3827,7,709,7,709,709,2017,,,115
6129,7,709,7,709,709,2018,,,115
4044,8,800,8,800,800,1940,,,76
5829,8,800,8,800,800,1941,,,77
1852,8,800,8,800,800,1942,,,77
936,8,800,8,800,800,1943,,,78
8893,8,800,8,800,800,1944,,,78
9760,8,800,8,800,800,1945,,,79
5806,8,800,8,800,800,1946,,,79
4405,8,800,8,800,800,1947,,,80
3885,8,800,8,800,800,1948,,,80
5838,8,800,8,800,800,1949,,,81
1042,8,800,8,800,800,1950,,,81
8545,8,800,8,800,800,1951,,,82
4868,8,800,8,800,800,1952,,,82
6874,8,800,8,800,800,1953,,,83
4225,8,800,8,800,800,1954,,,83
8432,8,800,8,800,800,1955,,,84
8549,8,800,8,800,800,1956,,,84
4520,8,800,8,800,800,1957,,,85
7142,8,800,8,800,800,1958,,,85
2067,8,800,8,800,800,1959,,,86
6161,8,800,8,800,800,1960,,,86
8707,8,800,8,800,800,1961,,,87
5989,8,800,8,800,800,1962,,,87
8314,8,800,8,800,800,1963,,,88
5112,8,800,8,800,800,1964,,,88
1728,8,800,8,800,800,1965,,,89
9412,8,800,8,800,800,1966,,,89
8078,8,800,8,800,800,1967,,,90
1375,8,800,8,800,800,1968,,,90
2318,8,800,8,800,800,1969,,,91
5298,8,800,8,800,800,1970,,,91
1717,8,800,8,800,800,1971,,,92
3441,8,800,8,800,800,1972,,,92
8565,8,800,8,800,800,1973,,,93
7961,8,800,8,800,800,1974,,,93
1575,8,800,8,800,800,1975,,,94
5193,8,800,8,800,800,1976,,,94
4974,8,800,8,800,800,1977,,,95
877,8,800,8,800,800,1978,,,95
7534,8,800,8,800,800,1979,,,96
8247,8,800,8,800,800,1980,,,96
1194,8,800,8,800,800,1981,,,97
4579,8,800,8,800,800,1982,,,97
9007,8,800,8,800,800,1983,,,98
4027,8,800,8,800,800,1984,,,98
6878,8,800,8,800,800,1985,,,99
5532,8,800,8,800,800,1986,,,99
5538,8,800,8,800,800,1987,,,100
9302,8,800,8,800,800,1988,,,100
5654,8,800,8,800,800,1989,,,101
7952,8,800,8,800,800,1990,,,101
7254,8,800,8,800,800,1991,,,102
9549,8,800,8,800,800,1992,,,102
4313,8,800,8,800,800,1993,,,103
1076,8,800,8,800,800,1994,,,103
7447,8,800,8,800,800,1995,,,104
9099,8,800,8,800,800,1996,,,104
915,8,800,8,800,800,1997,,,105
5552,8,800,8,800,800,1998,,,105
1342,8,800,8,800,800,1999,,,106
4726,8,800,8,800,800,2000,,,106
8102,8,800,8,800,800,2001,0.47144,0.47144,107
6823,8,800,8,800,800,2002,0.50748,0.50748,107
9475,8,800,8,800,800,2003,0.53356,0.53356,108
7034,8,800,8,800,800,2004,0.51799,0.51799,108
7929,8,800,8,800,800,2005,0.48413,0.48413,109
8423,8,800,8,800,800,2006,0.51043,0.51043,109
109,8,800,8,800,800,2007,0.43937,0.43937,110
1873,8,800,8,800,800,2008,0.40114,0.40114,110
6612,8,800,8,800,800,2009,0.46052,0.46052,111
3820,8,800,8,800,800,2010,0.52032,0.52032,111
3676,8,800,8,800,800,2011,0.454,0.454,112
964,8,800,8,800,800,2012,0.45986,0.45986,112
9037,8,800,8,800,800,2013,0.47094,0.47094,113
3711,8,800,8,800,800,2014,0.52982,0.52982,113
3532,8,800,8,800,800,2015,0.54621,0.54621,114
3045,8,800,8,800,800,2016,0.58578,0.58578,114
1366,8,800,8,800,800,2017,0.62863,0.62863,115
4463,8,800,8,800,800,2018,0.64362,0.64362,115
2052,8,803,8,803,803,1940,,,76
7850,8,803,8,803,803,1941,,,77
3460,8,803,8,803,803,1942,,,77
6933,8,803,8,803,803,1943,,,78
1467,8,803,8,803,803,1944,,,78
9147,8,803,8,803,803,1945,,,79
7831,8,803,8,803,803,1946,,,79
9072,8,803,8,803,803,1947,,,80
4002,8,803,8,803,803,1948,,,80
1918,8,803,8,803,803,1949,,,81
9200,8,803,8,803,803,1950,,,81
3641,8,803,8,803,803,1951,,,82
8050,8,803,8,803,803,1952,,,82
6341,8,803,8,803,803,1953,,,83
533,8,803,8,803,803,1954,,,83
8088,8,803,8,803,803,1955,,,84
8748,8,803,8,803,803,1956,,,84
5879,8,803,8,803,803,1957,,,85
8684,8,803,8,803,803,1958,,,85
3372,8,803,8,803,803,1959,,,86
9306,8,803,8,803,803,1960,,,86
3060,8,803,8,803,803,1961,,,87
5986,8,803,8,803,803,1962,,,87
5067,8,803,8,803,803,1963,,,88
2378,8,803,8,803,803,1964,,,88
8990,8,803,8,803,803,1965,,,89
6315,8,803,8,803,803,1966,,,89
8870,8,803,8,803,803,1967,,,90
9732,8,803,8,803,803,1968,,,90
7311,8,803,8,803,803,1969,,,91
4681,8,803,8,803,803,1970,,,91
9349,8,803,8,803,803,1971,,,92
525,8,803,8,803,803,1972,,,92
6660,8,803,8,803,803,1973,,,93
1109,8,803,8,803,803,1974,,,93
3642,8,803,8,803,803,1975,,,94
7331,8,803,8,803,803,1976,,,94
607,8,803,8,803,803,1977,,,95
5678,8,803,8,803,803,1978,,,95
8924,8,803,8,803,803,1979,,,96
8773,8,803,8,803,803,1980,,,96
7001,8,803,8,803,803,1981,,,97
7582,8,803,8,803,803,1982,,,97
4160,8,803,8,803,803,1983,,,98
5825,8,803,8,803,803,1984,,,98
4607,8,803,8,803,803,1985,,,99
9997,8,803,8,803,803,1986,,,99
8677,8,803,8,803,803,1987,,,100
6649,8,803,8,803,803,1988,,,100
1918,8,803,8,803,803,1989,,,101
8102,8,803,8,803,803,1990,,,101
4080,8,803,8,803,803,1991,,,102
6220,8,803,8,803,803,1992,,,102
9532,8,803,8,803,803,1993,,,103
5306,8,803,8,803,803,1994,,,103
9421,8,803,8,803,803,1995,,,104
3457,8,803,8,803,803,1996,,,104
952,8,803,8,803,803,1997,,,105
1145,8,803,8,803,803,1998,,,105
5635,8,803,8,803,803,1999,,,106
9825,8,803,8,803,803,2000,,,106
2998,8,803,8,803,803,2001,0.63809,0.63809,107
7858,8,803,8,803,803,2002,0.6143,0.6143,107
1909,8,803,8,803,803,2003,0.66956,0.66956,108
7692,8,803,8,803,803,2004,0.65372,0.65372,108
325,8,803,8,803,803,2005,0.59389,0.59389,109
7497,8,803,8,803,803,2006,0.57657,0.57657,109
5299,8,803,8,803,803,2007,0.61739,0.61739,110
1943,8,803,8,803,803,2008,0.55689,0.55689,110
1337,8,803,8,803,803,2009,,,111
8872,8,803,8,803,803,2010,,,111
7879,8,803,8,803,803,2011,,,112
9723,8,803,8,803,803,2012,,,112
8222,8,803,8,803,803,2013,,,113
1738,8,803,8,803,803,2014,,,113
2743,8,803,8,803,803,2015,,,114
7651,8,803,8,803,803,2016,,,114
9919,8,803,8,803,803,2017,,,115
4777,8,803,8,803,803,2018,,,115
5155,8,807,8,807,807,1940,,,76
901,8,807,8,807,807,1941,,,77
4282,8,807,8,807,807,1942,,,77
8749,8,807,8,807,807,1943,,,78
4523,8,807,8,807,807,1944,,,78
7105,8,807,8,807,807,1945,,,79
6181,8,807,8,807,807,1946,,,79
5873,8,807,8,807,807,1947,,,80
5324,8,807,8,807,807,1948,,,80
5853,8,807,8,807,807,1949,,,81
3564,8,807,8,807,807,1950,,,81
7396,8,807,8,807,807,1951,,,82
5703,8,807,8,807,807,1952,,,82
3236,8,807,8,807,807,1953,,,83
6926,8,807,8,807,807,1954,,,83
5785,8,807,8,807,807,1955,,,84
1962,8,807,8,807,807,1956,,,84
9260,8,807,8,807,807,1957,,,85
9886,8,807,8,807,807,1958,,,85
3069,8,807,8,807,807,1959,,,86
4038,8,807,8,807,807,1960,,,86
8090,8,807,8,807,807,1961,,,87
3741,8,807,8,807,807,1962,,,87
6922,8,807,8,807,807,1963,,,88
5782,8,807,8,807,807,1964,,,88
7350,8,807,8,807,807,1965,,,89
2406,8,807,8,807,807,1966,,,89
1614,8,807,8,807,807,1967,,,90
4980,8,807,8,807,807,1968,,,90
2057,8,807,8,807,807,1969,,,91
5180,8,807,8,807,807,1970,,,91
6157,8,807,8,807,807,1971,,,92
922,8,807,8,807,807,1972,,,92
4285,8,807,8,807,807,1973,,,93
8632,8,807,8,807,807,1974,,,93
3913,8,807,8,807,807,1975,,,94
5040,8,807,8,807,807,1976,,,94
4440,8,807,8,807,807,1977,,,95
3602,8,807,8,807,807,1978,,,95
1482,8,807,8,807,807,1979,,,96
4042,8,807,8,807,807,1980,,,96
5533,8,807,8,807,807,1981,,,97
7440,8,807,8,807,807,1982,,,97
5681,8,807,8,807,807,1983,,,98
849,8,807,8,807,807,1984,,,98
804,8,807,8,807,807,1985,,,99
4206,8,807,8,807,807,1986,,,99
6836,8,807,8,807,807,1987,,,100
637,8,807,8,807,807,1988,,,100
5861,8,807,8,807,807,1989,,,101
2438,8,807,8,807,807,1990,,,101
6178,8,807,8,807,807,1991,,,102
95,8,807,8,807,807,1992,,,102
7545,8,807,8,807,807,1993,,,103
4608,8,807,8,807,807,1994,,,103
9266,8,807,8,807,807,1995,,,104
8,8,807,8,807,807,1996,,,104
1850,8,807,8,807,807,1997,,,105
1735,8,807,8,807,807,1998,,,105
7486,8,807,8,807,807,1999,,,106
2854,8,807,8,807,807,2000,,,106
8235,8,807,8,807,807,2001,,,107
4311,8,807,8,807,807,2002,0.6977,0.6977,107
3164,8,807,8,807,807,2003,0.74628,0.74628,108
5058,8,807,8,807,807,2004,0.74628,0.74628,108
561,8,807,8,807,807,2005,0.74628,0.74628,109
2907,8,807,8,807,807,2006,0.74628,0.74628,109
8548,8,807,8,807,807,2007,0.73719,0.73719,110
4100,8,807,8,807,807,2008,,,110
8991,8,807,8,807,807,2009,,,111
521,8,807,8,807,807,2010,,,111
9467,8,807,8,807,807,2011,,,112
3920,8,807,8,807,807,2012,,,112
9114,8,807,8,807,807,2013,,,113
4247,8,807,8,807,807,2014,,,113
4098,8,807,8,807,807,2015,,,114
8338,8,807,8,807,807,2016,,,114
8703,8,807,8,807,807,2017,,,115
1473,8,807,8,807,807,2018,,,115
3618,10,1001,10,1001,1001,1940,,,76
4802,10,1001,10,1001,1001,1941,,,77
84,10,1001,10,1001,1001,1942,,,77
1240,10,1001,10,1001,1001,1943,,,78
4206,10,1001,10,1001,1001,1944,,,78
9161,10,1001,10,1001,1001,1945,,,79
56,10,1001,10,1001,1001,1946,,,79
2721,10,1001,10,1001,1001,1947,,,80
1932,10,1001,10,1001,1001,1948,,,80
7260,10,1001,10,1001,1001,1949,,,81
8818,10,1001,10,1001,1001,1950,,,81
7047,10,1001,10,1001,1001,1951,,,82
4280,10,1001,10,1001,1001,1952,,,82
9586,10,1001,10,1001,1001,1953,,,83
3790,10,1001,10,1001,1001,1954,,,83
2826,10,1001,10,1001,1001,1955,,,84
3266,10,1001,10,1001,1001,1956,,,84
1622,10,1001,10,1001,1001,1957,,,85
2768,10,1001,10,1001,1001,1958,,,85
3481,10,1001,10,1001,1001,1959,,,86
491,10,1001,10,1001,1001,1960,,,86
7263,10,1001,10,1001,1001,1961,,,87
6291,10,1001,10,1001,1001,1962,,,87
293,10,1001,10,1001,1001,1963,,,88
3144,10,1001,10,1001,1001,1964,,,88
7819,10,1001,10,1001,1001,1965,,,89
1612,10,1001,10,1001,1001,1966,,,89
8996,10,1001,10,1001,1001,1967,,,90
5470,10,1001,10,1001,1001,1968,,,90
7313,10,1001,10,1001,1001,1969,,,91
949,10,1001,10,1001,1001,1970,,,91
9697,10,1001,10,1001,1001,1971,,,92
4445,10,1001,10,1001,1001,1972,,,92
7915,10,1001,10,1001,1001,1973,,,93
2454,10,1001,10,1001,1001,1974,,,93
3417,10,1001,10,1001,1001,1975,,,94
7395,10,1001,10,1001,1001,1976,,,94
9614,10,1001,10,1001,1001,1977,,,95
1752,10,1001,10,1001,1001,1978,,,95
5191,10,1001,10,1001,1001,1979,,,96
2211,10,1001,10,1001,1001,1980,,,96
4560,10,1001,10,1001,1001,1981,,,97
7000,10,1001,10,1001,1001,1982,,,97
7470,10,1001,10,1001,1001,1983,,,98
8142,10,1001,10,1001,1001,1984,0.73472,0.73472,98
9507,10,1001,10,1001,1001,1985,0.69608,0.69608,99
546,10,1001,10,1001,1001,1986,0.67411,0.67411,99
9695,10,1001,10,1001,1001,1987,0.68318,0.68318,100
700,10,1001,10,1001,1001,1988,0.72518,0.72518,100
3061,10,1001,10,1001,1001,1989,0.76711,0.76711,101
5217,10,1001,10,1001,1001,1990,0.79719,0.79719,101
8150,10,1001,10,1001,1001,1991,0.782,0.782,102
5424,10,1001,10,1001,1001,1992,0.7793,0.7793,102
1542,10,1001,10,1001,1001,1993,0.7766,0.7766,103
2540,10,1001,10,1001,1001,1994,0.81143,0.81143,103
6254,10,1001,10,1001,1001,1995,0.78399,0.78399,104
4134,10,1001,10,1001,1001,1996,0.75655,0.75655,104
1231,10,1001,10,1001,1001,1997,0.75846,0.75846,105
4302,10,1001,10,1001,1001,1998,0.76037,0.76037,105
6952,10,1001,10,1001,1001,1999,0.78999,0.78999,106
7117,10,1001,10,1001,1001,2000,0.81961,0.81961,106
2634,10,1001,10,1001,1001,2001,0.79322,0.79322,107
2285,10,1001,10,1001,1001,2002,0.76683,0.76683,107
1103,10,1001,10,1001,1001,2003,0.77026,0.77026,108
7751,10,1001,10,1001,1001,2004,0.77368,0.77368,108
6027,10,1001,10,1001,1001,2005,0.79138,0.79138,109
6379,10,1001,10,1001,1001,2006,0.80908,0.80908,109
2273,10,1001,10,1001,1001,2007,0.83611,0.83611,110
8516,10,1001,10,1001,1001,2008,0.86315,0.86315,110
7414,10,1001,10,1001,1001,2009,0.82785,0.82785,111
5026,10,1001,10,1001,1001,2010,0.79255,0.79255,111
2999,10,1001,10,1001,1001,2011,0.78405,0.78405,112
3969,10,1001,10,1001,1001,2012,0.77556,0.77556,112
7661,10,1001,10,1001,1001,2013,0.79094,0.79094,113
52,10,1001,10,1001,1001,2014,0.80632,0.80632,113
8392,10,1001,10,1001,1001,2015,0.80856,0.80856,114
3216,10,1001,10,1001,1001,2016,0.8108,0.8108,114
8093,10,1001,10,1001,1001,2017,0.81763,0.81763,115
8037,10,1001,10,1001,1001,2018,0.82446,0.82446,115
5546,10,1002,10,1002,1002,1940,,,76
1993,10,1002,10,1002,1002,1941,,,77
6801,10,1002,10,1002,1002,1942,,,77
5649,10,1002,10,1002,1002,1943,,,78
2035,10,1002,10,1002,1002,1944,,,78
6559,10,1002,10,1002,1002,1945,,,79
6893,10,1002,10,1002,1002,1946,,,79
9244,10,1002,10,1002,1002,1947,,,80
2282,10,1002,10,1002,1002,1948,,,80
4433,10,1002,10,1002,1002,1949,,,81
2514,10,1002,10,1002,1002,1950,,,81
2910,10,1002,10,1002,1002,1951,,,82
5212,10,1002,10,1002,1002,1952,,,82
9109,10,1002,10,1002,1002,1953,,,83
8856,10,1002,10,1002,1002,1954,,,83
52,10,1002,10,1002,1002,1955,,,84
1588,10,1002,10,1002,1002,1956,,,84
3516,10,1002,10,1002,1002,1957,,,85
515,10,1002,10,1002,1002,1958,,,85
9062,10,1002,10,1002,1002,1959,,,86
208,10,1002,10,1002,1002,1960,,,86
8962,10,1002,10,1002,1002,1961,,,87
2961,10,1002,10,1002,1002,1962,,,87
18,10,1002,10,1002,1002,1963,,,88
7775,10,1002,10,1002,1002,1964,,,88
5128,10,1002,10,1002,1002,1965,,,89
2411,10,1002,10,1002,1002,1966,,,89
3921,10,1002,10,1002,1002,1967,,,90
8051,10,1002,10,1002,1002,1968,,,90
6417,10,1002,10,1002,1002,1969,,,91
5444,10,1002,10,1002,1002,1970,,,91
9266,10,1002,10,1002,1002,1971,,,92
9016,10,1002,10,1002,1002,1972,,,92
832,10,1002,10,1002,1002,1973,,,93
1509,10,1002,10,1002,1002,1974,,,93
4624,10,1002,10,1002,1002,1975,,,94
1825,10,1002,10,1002,1002,1976,,,94
3977,10,1002,10,1002,1002,1977,,,95
3654,10,1002,10,1002,1002,1978,,,95
8477,10,1002,10,1002,1002,1979,,,96
4050,10,1002,10,1002,1002,1980,,,96
829,10,1002,10,1002,1002,1981,,,97
3676,10,1002,10,1002,1002,1982,,,97
2486,10,1002,10,1002,1002,1983,,,98
4446,10,1002,10,1002,1002,1984,0.89401,0.89401,98
763,10,1002,10,1002,1002,1985,0.86462,0.86462,99
1359,10,1002,10,1002,1002,1986,0.82531,0.82531,99
4709,10,1002,10,1002,1002,1987,0.7978,0.7978,100
4909,10,1002,10,1002,1002,1988,0.83825,0.83825,100
7402,10,1002,10,1002,1002,1989,0.86105,0.86105,101
4384,10,1002,10,1002,1002,1990,0.88952,0.88952,101
1923,10,1002,10,1002,1002,1991,0.78677,0.78677,102
1267,10,1002,10,1002,1002,1992,0.79748,0.79748,102
3234,10,1002,10,1002,1002,1993,0.82126,0.82126,103
8174,10,1002,10,1002,1002,1994,0.85114,0.85114,103
2276,10,1002,10,1002,1002,1995,0.83632,0.83632,104
9124,10,1002,10,1002,1002,1996,0.81329,0.81329,104
8510,10,1002,10,1002,1002,1997,0.8128,0.8128,105
6774,10,1002,10,1002,1002,1998,0.81263,0.81263,105
2015,10,1002,10,1002,1002,1999,0.78935,0.78935,106
2288,10,1002,10,1002,1002,2000,0.75671,0.75671,106
6225,10,1002,10,1002,1002,2001,0.75267,0.75267,107
1050,10,1002,10,1002,1002,2002,0.74789,0.74789,107
1061,10,1002,10,1002,1002,2003,0.73049,0.73049,108
1372,10,1002,10,1002,1002,2004,0.70722,0.70722,108
9757,10,1002,10,1002,1002,2005,0.7333,0.7333,109
5963,10,1002,10,1002,1002,2006,0.77029,0.77029,109
5424,10,1002,10,1002,1002,2007,0.8003,0.8003,110
6841,10,1002,10,1002,1002,2008,0.83958,0.83958,110
2605,10,1002,10,1002,1002,2009,0.82758,0.82758,111
6419,10,1002,10,1002,1002,2010,0.81102,0.81102,111
2937,10,1002,10,1002,1002,2011,0.79991,0.79991,112
980,10,1002,10,1002,1002,2012,0.7851,0.7851,112
4205,10,1002,10,1002,1002,2013,0.79403,0.79403,113
2073,10,1002,10,1002,1002,2014,0.80664,0.80664,113
6329,10,1002,10,1002,1002,2015,0.82194,0.82194,114
1788,10,1002,10,1002,1002,2016,0.84257,0.84257,114
2904,10,1002,10,1002,1002,2017,0.85755,0.85755,115
1398,10,1002,10,1002,1002,2018,0.87754,0.87754,115
6538,12,1201,12,1201,1201,1940,,,76
9221,12,1201,12,1201,1201,1941,,,77
1416,12,1201,12,1201,1201,1942,,,77
2083,12,1201,12,1201,1201,1943,,,78
8255,12,1201,12,1201,1201,1944,,,78
3442,12,1201,12,1201,1201,1945,,,79
3297,12,1201,12,1201,1201,1946,,,79
2370,12,1201,12,1201,1201,1947,,,80
1669,12,1201,12,1201,1201,1948,,,80
793,12,1201,12,1201,1201,1949,,,81
2714,12,1201,12,1201,1201,1950,,,81
4784,12,1201,12,1201,1201,1951,,,82
5572,12,1201,12,1201,1201,1952,,,82
1173,12,1201,12,1201,1201,1953,,,83
4946,12,1201,12,1201,1201,1954,,,83
7823,12,1201,12,1201,1201,1955,,,84
9126,12,1201,12,1201,1201,1956,,,84
8624,12,1201,12,1201,1201,1957,,,85
3851,12,1201,12,1201,1201,1958,,,85
4648,12,1201,12,1201,1201,1959,,,86
5749,12,1201,12,1201,1201,1960,,,86
2407,12,1201,12,1201,1201,1961,,,87
8730,12,1201,12,1201,1201,1962,,,87
1710,12,1201,12,1201,1201,1963,,,88
7260,12,1201,12,1201,1201,1964,,,88
8210,12,1201,12,1201,1201,1965,,,89
6138,12,1201,12,1201,1201,1966,,,89
6666,12,1201,12,1201,1201,1967,,,90
6926,12,1201,12,1201,1201,1968,,,90
2074,12,1201,12,1201,1201,1969,,,91
121,12,1201,12,1201,1201,1970,,,91
5072,12,1201,12,1201,1201,1971,,,92
5200,12,1201,12,1201,1201,1972,,,92
7478,12,1201,12,1201,1201,1973,,,93
1922,12,1201,12,1201,1201,1974,,,93
6919,12,1201,12,1201,1201,1975,,,94
5879,12,1201,12,1201,1201,1976,,,94
5773,12,1201,12,1201,1201,1977,,,95
5412,12,1201,12,1201,1201,1978,,,95
5561,12,1201,12,1201,1201,1979,,,96
1077,12,1201,12,1201,1201,1980,,,96
7169,12,1201,12,1201,1201,1981,,,97
3111,12,1201,12,1201,1201,1982,,,97
3087,12,1201,12,1201,1201,1983,,,98
8314,12,1201,12,1201,1201,1984,,,98
1119,12,1201,12,1201,1201,1985,,,99
1493,12,1201,12,1201,1201,1986,,,99
6545,12,1201,12,1201,1201,1987,,,100
3042,12,1201,12,1201,1201,1988,,,100
4298,12,1201,12,1201,1201,1989,,,101
5032,12,1201,12,1201,1201,1990,,,101
4432,12,1201,12,1201,1201,1991,,,102
7705,12,1201,12,1201,1201,1992,,,102
4956,12,1201,12,1201,1201,1993,,,103
1273,12,1201,12,1201,1201,1994,,,103
3861,12,1201,12,1201,1201,1995,,,104
63,12,1201,12,1201,1201,1996,,,104
9599,12,1201,12,1201,1201,1997,,,105
3721,12,1201,12,1201,1201,1998,,,105
2522,12,1201,12,1201,1201,1999,,,106
4204,12,1201,12,1201,1201,2000,0.088179,0.088179,106
1143,12,1201,12,1201,1201,2001,0.063466,0.063466,107
3451,12,1201,12,1201,1201,2002,0.038753,0.038753,107
8662,12,1201,12,1201,1201,2003,0.065656,0.065656,108
9577,12,1201,12,1201,1201,2004,0.09256,0.09256,108
9001,12,1201,12,1201,1201,2005,0.1061,0.1061,109
7190,12,1201,12,1201,1201,2006,0.1061,0.1061,109
6846,12,1201,12,1201,1201,2007,0.1061,0.1061,110
9116,12,1201,12,1201,1201,2008,0.11964,0.11964,110
1699,12,1201,12,1201,1201,2009,,,111
2731,12,1201,12,1201,1201,2010,,,111
6328,12,1201,12,1201,1201,2011,,,112
5936,12,1201,12,1201,1201,2012,,,112
6000,12,1201,12,1201,1201,2013,,,113
7785,12,1201,12,1201,1201,2014,,,113
8729,12,1201,12,1201,1201,2015,,,114
8092,12,1201,12,1201,1201,2016,,,114
7507,12,1201,12,1201,1201,2017,,,115
2434,12,1201,12,1201,1201,2018,,,115
4504,12,1203,12,1203,1203,1940,,,76
6570,12,1203,12,1203,1203,1941,,,77
6068,12,1203,12,1203,1203,1942,,,77
1041,12,1203,12,1203,1203,1943,,,78
2415,12,1203,12,1203,1203,1944,,,78
7742,12,1203,12,1203,1203,1945,,,79
4659,12,1203,12,1203,1203,1946,,,79
3793,12,1203,12,1203,1203,1947,,,80
5257,12,1203,12,1203,1203,1948,,,80
9018,12,1203,12,1203,1203,1949,,,81
2562,12,1203,12,1203,1203,1950,,,81
4662,12,1203,12,1203,1203,1951,,,82
551,12,1203,12,1203,1203,1952,,,82
6571,12,1203,12,1203,1203,1953,,,83
4160,12,1203,12,1203,1203,1954,,,83
6729,12,1203,12,1203,1203,1955,,,84
507,12,1203,12,1203,1203,1956,,,84
4900,12,1203,12,1203,1203,1957,,,85
1767,12,1203,12,1203,1203,1958,,,85
2336,12,1203,12,1203,1203,1959,,,86
2763,12,1203,12,1203,1203,1960,,,86
48,12,1203,12,1203,1203,1961,,,87
3856,12,1203,12,1203,1203,1962,,,87
5755,12,1203,12,1203,1203,1963,,,88
7765,12,1203,12,1203,1203,1964,,,88
4284,12,1203,12,1203,1203,1965,,,89
1223,12,1203,12,1203,1203,1966,,,89
3605,12,1203,12,1203,1203,1967,,,90
3090,12,1203,12,1203,1203,1968,,,90
1046,12,1203,12,1203,1203,1969,0.35535,0.35535,91
3490,12,1203,12,1203,1203,1970,0.35535,0.35535,91
717,12,1203,12,1203,1203,1971,0.35535,0.35535,92
7389,12,1203,12,1203,1203,1972,0.37836,0.37836,92
2712,12,1203,12,1203,1203,1973,0.39059,0.39059,93
9478,12,1203,12,1203,1203,1974,0.42967,0.42967,93
2371,12,1203,12,1203,1203,1975,0.45578,0.45578,94
9662,12,1203,12,1203,1203,1976,0.48441,0.48441,94
169,12,1203,12,1203,1203,1977,0.51054,0.51054,95
5234,12,1203,12,1203,1203,1978,0.52546,0.52546,95
5692,12,1203,12,1203,1203,1979,0.48123,0.48123,96
6258,12,1203,12,1203,1203,1980,0.47186,0.47186,96
3916,12,1203,12,1203,1203,1981,0.46424,0.46424,97
944,12,1203,12,1203,1203,1982,0.45578,0.45578,97
1330,12,1203,12,1203,1203,1983,0.41503,0.41503,98
9037,12,1203,12,1203,1203,1984,0.43014,0.43014,98
8666,12,1203,12,1203,1203,1985,0.42993,0.42993,99
5322,12,1203,12,1203,1203,1986,0.40916,0.40916,99
2103,12,1203,12,1203,1203,1987,0.37527,0.37527,100
6673,12,1203,12,1203,1203,1988,0.37632,0.37632,100
1841,12,1203,12,1203,1203,1989,0.38492,0.38492,101
5039,12,1203,12,1203,1203,1990,0.39406,0.39406,101
9583,12,1203,12,1203,1203,1991,0.42473,0.42473,102
6800,12,1203,12,1203,1203,1992,0.4393,0.4393,102
4854,12,1203,12,1203,1203,1993,0.45498,0.45498,103
2379,12,1203,12,1203,1203,1994,0.46863,0.46863,103
5945,12,1203,12,1203,1203,1995,0.46216,0.46216,104
747,12,1203,12,1203,1203,1996,0.52381,0.52381,104
8755,12,1203,12,1203,1203,1997,0.52602,0.52602,105
9227,12,1203,12,1203,1203,1998,0.51812,0.51812,105
124,12,1203,12,1203,1203,1999,0.52309,0.52309,106
6081,12,1203,12,1203,1203,2000,0.52553,0.52553,106
2456,12,1203,12,1203,1203,2001,0.51533,0.51533,107
2279,12,1203,12,1203,1203,2002,0.55577,0.55577,107
6711,12,1203,12,1203,1203,2003,0.53656,0.53656,108
4050,12,1203,12,1203,1203,2004,0.56242,0.56242,108
4378,12,1203,12,1203,1203,2005,0.55726,0.55726,109
521,12,1203,12,1203,1203,2006,0.52089,0.52089,109
588,12,1203,12,1203,1203,2007,0.53965,0.53965,110
949,12,1203,12,1203,1203,2008,0.57211,0.57211,110
5906,12,1203,12,1203,1203,2009,0.5849,0.5849,111
1977,12,1203,12,1203,1203,2010,0.63806,0.63806,111
7927,12,1203,12,1203,1203,2011,0.63617,0.63617,112
1523,12,1203,12,1203,1203,2012,0.66318,0.66318,112
6978,12,1203,12,1203,1203,2013,0.67684,0.67684,113
3685,12,1203,12,1203,1203,2014,0.71034,0.71034,113
8924,12,1203,12,1203,1203,2015,0.69284,0.69284,114
9723,12,1203,12,1203,1203,2016,0.68575,0.68575,114
1466,12,1203,12,1203,1203,2017,0.72309,0.72309,115
6071,12,1203,12,1203,1203,2018,0.7128,0.7128,115
2546,12,1209,12,1209,1209,1940,,,76
5243,12,1209,12,1209,1209,1941,,,77
3017,12,1209,12,1209,1209,1942,,,77
9894,12,1209,12,1209,1209,1943,,,78
6738,12,1209,12,1209,1209,1944,,,78
9642,12,1209,12,1209,1209,1945,,,79
9195,12,1209,12,1209,1209,1946,,,79
2294,12,1209,12,1209,1209,1947,,,80
3180,12,1209,12,1209,1209,1948,,,80
7572,12,1209,12,1209,1209,1949,,,81
8842,12,1209,12,1209,1209,1950,,,81
6858,12,1209,12,1209,1209,1951,,,82
9241,12,1209,12,1209,1209,1952,,,82
9396,12,1209,12,1209,1209,1953,,,83
3338,12,1209,12,1209,1209,1954,,,83
3923,12,1209,12,1209,1209,1955,,,84
2360,12,1209,12,1209,1209,1956,,,84
338,12,1209,12,1209,1209,1957,,,85
6776,12,1209,12,1209,1209,1958,,,85
4860,12,1209,12,1209,1209,1959,0.74537,0.74537,86
6084,12,1209,12,1209,1209,1960,0.76319,0.76319,86
7121,12,1209,12,1209,1209,1961,0.77211,0.77211,87
6144,12,1209,12,1209,1209,1962,0.77656,0.77656,87
7460,12,1209,12,1209,1209,1963,0.7978,0.7978,88
8968,12,1209,12,1209,1209,1964,0.77767,0.77767,88
5719,12,1209,12,1209,1209,1965,0.73482,0.73482,89
8441,12,1209,12,1209,1209,1966,0.66624,0.66624,89
4225,12,1209,12,1209,1209,1967,0.68475,0.68475,90
3194,12,1209,12,1209,1209,1968,0.68674,0.68674,90
4807,12,1209,12,1209,1209,1969,0.67053,0.67053,91
9382,12,1209,12,1209,1209,1970,0.66243,0.66243,91
6,12,1209,12,1209,1209,1971,0.67435,0.67435,92
1090,12,1209,12,1209,1209,1972,0.66587,0.66587,92
3976,12,1209,12,1209,1209,1973,0.67561,0.67561,93
8217,12,1209,12,1209,1209,1974,0.6934,0.6934,93
9028,12,1209,12,1209,1209,1975,0.70533,0.70533,94
4906,12,1209,12,1209,1209,1976,0.67521,0.67521,94
6568,12,1209,12,1209,1209,1977,0.667,0.667,95
6637,12,1209,12,1209,1209,1978,0.70381,0.70381,95
5434,12,1209,12,1209,1209,1979,0.71835,0.71835,96
5832,12,1209,12,1209,1209,1980,0.67111,0.67111,96
8585,12,1209,12,1209,1209,1981,0.67062,0.67062,97
2926,12,1209,12,1209,1209,1982,0.6723,0.6723,97
9037,12,1209,12,1209,1209,1983,0.69426,0.69426,98
2647,12,1209,12,1209,1209,1984,0.67377,0.67377,98
780,12,1209,12,1209,1209,1985,0.67897,0.67897,99
9514,12,1209,12,1209,1209,1986,0.66829,0.66829,99
494,12,1209,12,1209,1209,1987,0.68031,0.68031,100
6404,12,1209,12,1209,1209,1988,0.69615,0.69615,100
7750,12,1209,12,1209,1209,1989,0.72195,0.72195,101
1618,12,1209,12,1209,1209,1990,0.74262,0.74262,101
1873,12,1209,12,1209,1209,1991,0.76175,0.76175,102
4677,12,1209,12,1209,1209,1992,0.74199,0.74199,102
3083,12,1209,12,1209,1209,1993,0.75885,0.75885,103
451,12,1209,12,1209,1209,1994,0.76064,0.76064,103
7543,12,1209,12,1209,1209,1995,0.73959,0.73959,104
9152,12,1209,12,1209,1209,1996,0.75026,0.75026,104
8548,12,1209,12,1209,1209,1997,0.77194,0.77194,105
1269,12,1209,12,1209,1209,1998,0.79198,0.79198,105
7104,12,1209,12,1209,1209,1999,0.75827,0.75827,106
2629,12,1209,12,1209,1209,2000,0.75569,0.75569,106
6066,12,1209,12,1209,1209,2001,0.73019,0.73019,107
5277,12,1209,12,1209,1209,2002,0.70895,0.70895,107
3850,12,1209,12,1209,1209,2003,0.66797,0.66797,108
8267,12,1209,12,1209,1209,2004,0.69437,0.69437,108
7882,12,1209,12,1209,1209,2005,0.68942,0.68942,109
8295,12,1209,12,1209,1209,2006,0.6996,0.6996,109
3349,12,1209,12,1209,1209,2007,0.69142,0.69142,110
5087,12,1209,12,1209,1209,2008,0.69534,0.69534,110
9464,12,1209,12,1209,1209,2009,0.6444,0.6444,111
8272,12,1209,12,1209,1209,2010,0.63232,0.63232,111
5854,12,1209,12,1209,1209,2011,0.62028,0.62028,112
1744,12,1209,12,1209,1209,2012,0.62335,0.62335,112
9554,12,1209,12,1209,1209,2013,0.63214,0.63214,113
4481,12,1209,12,1209,1209,2014,0.60999,0.60999,113
1268,12,1209,12,1209,1209,2015,0.60928,0.60928,114
7752,12,1209,12,1209,1209,2016,0.61229,0.61229,114
9447,12,1209,12,1209,1209,2017,0.63971,0.63971,115
1386,12,1209,12,1209,1209,2018,0.64674,0.64674,115
3463,12,1210,12,1210,1210,1940,,,76
565,12,1210,12,1210,1210,1941,,,77
5293,12,1210,12,1210,1210,1942,,,77
9260,12,1210,12,1210,1210,1943,,,78
7237,12,1210,12,1210,1210,1944,,,78
1632,12,1210,12,1210,1210,1945,,,79
1139,12,1210,12,1210,1210,1946,,,79
5028,12,1210,12,1210,1210,1947,,,80
2120,12,1210,12,1210,1210,1948,,,80
5735,12,1210,12,1210,1210,1949,,,81
5596,12,1210,12,1210,1210,1950,,,81
967,12,1210,12,1210,1210,1951,,,82
2457,12,1210,12,1210,1210,1952,,,82
4408,12,1210,12,1210,1210,1953,0.2192,0.2192,83
352,12,1210,12,1210,1210,1954,0.24239,0.24239,83
9718,12,1210,12,1210,1210,1955,0.25278,0.25278,84
235,12,1210,12,1210,1210,1956,0.28565,0.28565,84
1183,12,1210,12,1210,1210,1957,0.32665,0.32665,85
4925,12,1210,12,1210,1210,1958,0.33076,0.33076,85
5797,12,1210,12,1210,1210,1959,0.33154,0.33154,86
1700,12,1210,12,1210,1210,1960,0.31841,0.31841,86
9761,12,1210,12,1210,1210,1961,0.32607,0.32607,87
5403,12,1210,12,1210,1210,1962,0.33002,0.33002,87
7122,12,1210,12,1210,1210,1963,0.33195,0.33195,88
2001,12,1210,12,1210,1210,1964,0.33286,0.33286,88
6604,12,1210,12,1210,1210,1965,0.35408,0.35408,89
5611,12,1210,12,1210,1210,1966,0.38389,0.38389,89
1532,12,1210,12,1210,1210,1967,0.34318,0.34318,90
8071,12,1210,12,1210,1210,1968,0.30646,0.30646,90
5493,12,1210,12,1210,1210,1969,0.31797,0.31797,91
3870,12,1210,12,1210,1210,1970,0.32276,0.32276,91
3860,12,1210,12,1210,1210,1971,0.33536,0.33536,92
3181,12,1210,12,1210,1210,1972,0.32594,0.32594,92
3063,12,1210,12,1210,1210,1973,0.28921,0.28921,93
2986,12,1210,12,1210,1210,1974,0.28279,0.28279,93
4147,12,1210,12,1210,1210,1975,0.28129,0.28129,94
595,12,1210,12,1210,1210,1976,0.25566,0.25566,94
8033,12,1210,12,1210,1210,1977,0.24208,0.24208,95
7771,12,1210,12,1210,1210,1978,0.24209,0.24209,95
8492,12,1210,12,1210,1210,1979,0.23938,0.23938,96
6162,12,1210,12,1210,1210,1980,0.23638,0.23638,96
5526,12,1210,12,1210,1210,1981,0.22673,0.22673,97
9083,12,1210,12,1210,1210,1982,0.22873,0.22873,97
5498,12,1210,12,1210,1210,1983,0.21362,0.21362,98
8092,12,1210,12,1210,1210,1984,0.21362,0.21362,98
9908,12,1210,12,1210,1210,1985,0.19489,0.19489,99
6599,12,1210,12,1210,1210,1986,0.20276,0.20276,99
5721,12,1210,12,1210,1210,1987,0.23296,0.23296,100
2662,12,1210,12,1210,1210,1988,0.20425,0.20425,100
5934,12,1210,12,1210,1210,1989,0.19471,0.19471,101
2609,12,1210,12,1210,1210,1990,0.18524,0.18524,101
8914,12,1210,12,1210,1210,1991,0.19793,0.19793,102
7398,12,1210,12,1210,1210,1992,0.19937,0.19937,102
4933,12,1210,12,1210,1210,1993,0.19813,0.19813,103
1761,12,1210,12,1210,1210,1994,0.18601,0.18601,103
3570,12,1210,12,1210,1210,1995,0.21599,0.21599,104
2661,12,1210,12,1210,1210,1996,0.19497,0.19497,104
8338,12,1210,12,1210,1210,1997,0.19083,0.19083,105
7001,12,1210,12,1210,1210,1998,0.21139,0.21139,105
2677,12,1210,12,1210,1210,1999,0.20959,0.20959,106
3629,12,1210,12,1210,1210,2000,0.24171,0.24171,106
2971,12,1210,12,1210,1210,2001,0.23876,0.23876,107
8990,12,1210,12,1210,1210,2002,0.24733,0.24733,107
3928,12,1210,12,1210,1210,2003,0.23384,0.23384,108
6601,12,1210,12,1210,1210,2004,0.25206,0.25206,108
3882,12,1210,12,1210,1210,2005,0.23876,0.23876,109
8586,12,1210,12,1210,1210,2006,0.24514,0.24514,109
1823,12,1210,12,1210,1210,2007,0.25095,0.25095,110
2168,12,1210,12,1210,1210,2008,0.25991,0.25991,110
8293,12,1210,12,1210,1210,2009,0.25473,0.25473,111
2768,12,1210,12,1210,1210,2010,0.26159,0.26159,111
1079,12,1210,12,1210,1210,2011,0.28528,0.28528,112
6565,12,1210,12,1210,1210,2012,0.28853,0.28853,112
324,12,1210,12,1210,1210,2013,0.29933,0.29933,113
7447,12,1210,12,1210,1210,2014,0.30349,0.30349,113
3563,12,1210,12,1210,1210,2015,0.30835,0.30835,114
9754,12,1210,12,1210,1210,2016,0.3175,0.3175,114
1583,12,1210,12,1210,1210,2017,0.33136,0.33136,115
9695,12,1210,12,1210,1210,2018,0.3331,0.3331,115
809,12,1211,12,1211,1211,1940,,,76
8015,12,1211,12,1211,1211,1941,,,77
6939,12,1211,12,1211,1211,1942,,,77
1252,12,1211,12,1211,1211,1943,,,78
5488,12,1211,12,1211,1211,1944,,,78
8357,12,1211,12,1211,1211,1945,,,79
2680,12,1211,12,1211,1211,1946,,,79
3557,12,1211,12,1211,1211,1947,,,80
1344,12,1211,12,1211,1211,1948,,,80
5827,12,1211,12,1211,1211,1949,,,81
4309,12,1211,12,1211,1211,1950,,,81
2351,12,1211,12,1211,1211,1951,,,82
1269,12,1211,12,1211,1211,1952,,,82
2173,12,1211,12,1211,1211,1953,,,83
4253,12,1211,12,1211,1211,1954,,,83
5985,12,1211,12,1211,1211,1955,,,84
971,12,1211,12,1211,1211,1956,,,84
6976,12,1211,12,1211,1211,1957,,,85
4122,12,1211,12,1211,1211,1958,,,85
7324,12,1211,12,1211,1211,1959,,,86
1445,12,1211,12,1211,1211,1960,,,86
4832,12,1211,12,1211,1211,1961,,,87
5056,12,1211,12,1211,1211,1962,,,87
9209,12,1211,12,1211,1211,1963,,,88
4700,12,1211,12,1211,1211,1964,,,88
8192,12,1211,12,1211,1211,1965,,,89
2904,12,1211,12,1211,1211,1966,,,89
164,12,1211,12,1211,1211,1967,,,90
473,12,1211,12,1211,1211,1968,0.74532,0.74532,90
6890,12,1211,12,1211,1211,1969,0.73985,0.73985,91
3805,12,1211,12,1211,1211,1970,0.73503,0.73503,91
1513,12,1211,12,1211,1211,1971,0.78897,0.78897,92
465,12,1211,12,1211,1211,1972,0.83107,0.83107,92
1688,12,1211,12,1211,1211,1973,0.83829,0.83829,93
1108,12,1211,12,1211,1211,1974,0.83536,0.83536,93
6265,12,1211,12,1211,1211,1975,0.82015,0.82015,94
1977,12,1211,12,1211,1211,1976,0.78095,0.78095,94
9110,12,1211,12,1211,1211,1977,0.81157,0.81157,95
5496,12,1211,12,1211,1211,1978,0.80554,0.80554,95
3577,12,1211,12,1211,1211,1979,0.81144,0.81144,96
6956,12,1211,12,1211,1211,1980,0.81704,0.81704,96
4299,12,1211,12,1211,1211,1981,0.82541,0.82541,97
292,12,1211,12,1211,1211,1982,0.83222,0.83222,97
4140,12,1211,12,1211,1211,1983,0.84438,0.84438,98
8549,12,1211,12,1211,1211,1984,0.85282,0.85282,98
2461,12,1211,12,1211,1211,1985,0.82107,0.82107,99
7307,12,1211,12,1211,1211,1986,0.84064,0.84064,99
8196,12,1211,12,1211,1211,1987,0.86356,0.86356,100
500,12,1211,12,1211,1211,1988,0.86904,0.86904,100
7887,12,1211,12,1211,1211,1989,0.85829,0.85829,101
6376,12,1211,12,1211,1211,1990,0.86963,0.86963,101
3049,12,1211,12,1211,1211,1991,0.84261,0.84261,102
5295,12,1211,12,1211,1211,1992,0.82907,0.82907,102
6875,12,1211,12,1211,1211,1993,0.84656,0.84656,103
2877,12,1211,12,1211,1211,1994,0.82802,0.82802,103
5302,12,1211,12,1211,1211,1995,0.81108,0.81108,104
2840,12,1211,12,1211,1211,1996,0.7971,0.7971,104
586,12,1211,12,1211,1211,1997,0.78382,0.78382,105
2817,12,1211,12,1211,1211,1998,0.77359,0.77359,105
4983,12,1211,12,1211,1211,1999,0.79159,0.79159,106
3590,12,1211,12,1211,1211,2000,0.80872,0.80872,106
50,12,1211,12,1211,1211,2001,0.78972,0.78972,107
1339,12,1211,12,1211,1211,2002,0.77094,0.77094,107
7798,12,1211,12,1211,1211,2003,0.79025,0.79025,108
6648,12,1211,12,1211,1211,2004,0.80949,0.80949,108
9903,12,1211,12,1211,1211,2005,0.79056,0.79056,109
1934,12,1211,12,1211,1211,2006,0.7716,0.7716,109
8733,12,1211,12,1211,1211,2007,0.7716,0.7716,110
7273,12,1211,12,1211,1211,2008,0.77373,0.77373,110
9372,12,1211,12,1211,1211,2009,0.75231,0.75231,111
2173,12,1211,12,1211,1211,2010,0.73306,0.73306,111
4882,12,1211,12,1211,1211,2011,0.74735,0.74735,112
1224,12,1211,12,1211,1211,2012,0.76218,0.76218,112
7037,12,1211,12,1211,1211,2013,0.74742,0.74742,113
5179,12,1211,12,1211,1211,2014,0.73266,0.73266,113
7131,12,1211,12,1211,1211,2015,0.76656,0.76656,114
207,12,1211,12,1211,1211,2016,0.79832,0.79832,114
2216,12,1211,12,1211,1211,2017,0.79937,0.79937,115
7881,12,1211,12,1211,1211,2018,0.79676,0.79676,115
2292,12,1212,12,1212,1212,1940,,,76
4215,12,1212,12,1212,1212,1941,,,77
877,12,1212,12,1212,1212,1942,,,77
3160,12,1212,12,1212,1212,1943,,,78
7271,12,1212,12,1212,1212,1944,,,78
2954,12,1212,12,1212,1212,1945,,,79
5236,12,1212,12,1212,1212,1946,,,79
8147,12,1212,12,1212,1212,1947,,,80
7563,12,1212,12,1212,1212,1948,,,80
9722,12,1212,12,1212,1212,1949,,,81
355,12,1212,12,1212,1212,1950,,,81
2865,12,1212,12,1212,1212,1951,,,82
8341,12,1212,12,1212,1212,1952,,,82
3883,12,1212,12,1212,1212,1953,,,83
7918,12,1212,12,1212,1212,1954,,,83
7569,12,1212,12,1212,1212,1955,,,84
9422,12,1212,12,1212,1212,1956,,,84
5378,12,1212,12,1212,1212,1957,,,85
7054,12,1212,12,1212,1212,1958,,,85
6966,12,1212,12,1212,1212,1959,0.71658,0.71658,86
7473,12,1212,12,1212,1212,1960,0.73815,0.73815,86
738,12,1212,12,1212,1212,1961,0.74661,0.74661,87
1936,12,1212,12,1212,1212,1962,0.74992,0.74992,87
341,12,1212,12,1212,1212,1963,0.76984,0.76984,88
3151,12,1212,12,1212,1212,1964,0.74244,0.74244,88
4888,12,1212,12,1212,1212,1965,0.70059,0.70059,89
7676,12,1212,12,1212,1212,1966,0.62978,0.62978,89
1497,12,1212,12,1212,1212,1967,0.65565,0.65565,90
2711,12,1212,12,1212,1212,1968,0.66024,0.66024,90
3627,12,1212,12,1212,1212,1969,0.64164,0.64164,91
3928,12,1212,12,1212,1212,1970,0.63353,0.63353,91
9960,12,1212,12,1212,1212,1971,0.64559,0.64559,92
5849,12,1212,12,1212,1212,1972,0.63601,0.63601,92
4439,12,1212,12,1212,1212,1973,0.6475,0.6475,93
5716,12,1212,12,1212,1212,1974,0.66686,0.66686,93
9559,12,1212,12,1212,1212,1975,0.66792,0.66792,94
1707,12,1212,12,1212,1212,1976,0.64033,0.64033,94
3469,12,1212,12,1212,1212,1977,0.63571,0.63571,95
9907,12,1212,12,1212,1212,1978,0.67726,0.67726,95
3759,12,1212,12,1212,1212,1979,0.68907,0.68907,96
2062,12,1212,12,1212,1212,1980,0.63216,0.63216,96
4000,12,1212,12,1212,1212,1981,0.63447,0.63447,97
7331,12,1212,12,1212,1212,1982,0.62826,0.62826,97
4324,12,1212,12,1212,1212,1983,0.62996,0.62996,98
670,12,1212,12,1212,1212,1984,0.61441,0.61441,98
5912,12,1212,12,1212,1212,1985,0.62207,0.62207,99
2980,12,1212,12,1212,1212,1986,0.68171,0.68171,99
7119,12,1212,12,1212,1212,1987,0.67046,0.67046,100
8970,12,1212,12,1212,1212,1988,0.67624,0.67624,100
3827,12,1212,12,1212,1212,1989,0.70515,0.70515,101
4483,12,1212,12,1212,1212,1990,0.72901,0.72901,101
1763,12,1212,12,1212,1212,1991,0.7504,0.7504,102
2504,12,1212,12,1212,1212,1992,0.72952,0.72952,102
9994,12,1212,12,1212,1212,1993,0.74313,0.74313,103
718,12,1212,12,1212,1212,1994,0.74571,0.74571,103
3841,12,1212,12,1212,1212,1995,0.7176,0.7176,104
5810,12,1212,12,1212,1212,1996,0.7367,0.7367,104
6890,12,1212,12,1212,1212,1997,0.77042,0.77042,105
5671,12,1212,12,1212,1212,1998,0.79586,0.79586,105
7010,12,1212,12,1212,1212,1999,0.75464,0.75464,106
5961,12,1212,12,1212,1212,2000,0.74849,0.74849,106
5111,12,1212,12,1212,1212,2001,0.72149,0.72149,107
6318,12,1212,12,1212,1212,2002,0.70734,0.70734,107
4224,12,1212,12,1212,1212,2003,0.68645,0.68645,108
6576,12,1212,12,1212,1212,2004,0.70489,0.70489,108
9533,12,1212,12,1212,1212,2005,0.69247,0.69247,109
7219,12,1212,12,1212,1212,2006,0.7003,0.7003,109
5723,12,1212,12,1212,1212,2007,0.69143,0.69143,110
1811,12,1212,12,1212,1212,2008,0.69271,0.69271,110
6910,12,1212,12,1212,1212,2009,0.64182,0.64182,111
9536,12,1212,12,1212,1212,2010,0.62685,0.62685,111
961,12,1212,12,1212,1212,2011,0.6116,0.6116,112
5189,12,1212,12,1212,1212,2012,0.61526,0.61526,112
5759,12,1212,12,1212,1212,2013,0.62523,0.62523,113
9000,12,1212,12,1212,1212,2014,0.60283,0.60283,113
579,12,1212,12,1212,1212,2015,0.60254,0.60254,114
9651,12,1212,12,1212,1212,2016,0.60146,0.60146,114
1185,12,1212,12,1212,1212,2017,0.63153,0.63153,115
1894,12,1212,12,1212,1212,2018,0.63764,0.63764,115
1560,13,1301,13,1301,1301,1940,,,76
394,13,1301,13,1301,1301,1941,,,77
2357,13,1301,13,1301,1301,1942,,,77
1389,13,1301,13,1301,1301,1943,,,78
6199,13,1301,13,1301,1301,1944,,,78
776,13,1301,13,1301,1301,1945,,,79
5330,13,1301,13,1301,1301,1946,,,79
4478,13,1301,13,1301,1301,1947,,,80
9257,13,1301,13,1301,1301,1948,,,80
6249,13,1301,13,1301,1301,1949,,,81
9749,13,1301,13,1301,1301,1950,,,81
430,13,1301,13,1301,1301,1951,,,82
4412,13,1301,13,1301,1301,1952,,,82
664,13,1301,13,1301,1301,1953,,,83
137,13,1301,13,1301,1301,1954,,,83
6301,13,1301,13,1301,1301,1955,,,84
1163,13,1301,13,1301,1301,1956,,,84
3161,13,1301,13,1301,1301,1957,,,85
5956,13,1301,13,1301,1301,1958,,,85
7897,13,1301,13,1301,1301,1959,,,86
6384,13,1301,13,1301,1301,1960,,,86
7865,13,1301,13,1301,1301,1961,,,87
6408,13,1301,13,1301,1301,1962,,,87
3337,13,1301,13,1301,1301,1963,,,88
4932,13,1301,13,1301,1301,1964,0.51111,0.51111,88
5666,13,1301,13,1301,1301,1965,0.47893,0.47893,89
2654,13,1301,13,1301,1301,1966,0.43783,0.43783,89
2811,13,1301,13,1301,1301,1967,0.39743,0.39743,90
5516,13,1301,13,1301,1301,1968,0.44444,0.44444,90
4381,13,1301,13,1301,1301,1969,0.44168,0.44168,91
3121,13,1301,13,1301,1301,1970,0.47692,0.47692,91
5713,13,1301,13,1301,1301,1971,0.48538,0.48538,92
6324,13,1301,13,1301,1301,1972,0.53802,0.53802,92
446,13,1301,13,1301,1301,1973,0.51753,0.51753,93
2894,13,1301,13,1301,1301,1974,0.52973,0.52973,93
9106,13,1301,13,1301,1301,1975,0.53819,0.53819,94
6696,13,1301,13,1301,1301,1976,0.45663,0.45663,94
109,13,1301,13,1301,1301,1977,0.44039,0.44039,95
7809,13,1301,13,1301,1301,1978,0.4443,0.4443,95
7559,13,1301,13,1301,1301,1979,0.43222,0.43222,96
8006,13,1301,13,1301,1301,1980,0.44434,0.44434,96
6419,13,1301,13,1301,1301,1981,0.4888,0.4888,97
6134,13,1301,13,1301,1301,1982,0.54982,0.54982,97
5041,13,1301,13,1301,1301,1983,0.54445,0.54445,98
8191,13,1301,13,1301,1301,1984,0.56433,0.56433,98
6712,13,1301,13,1301,1301,1985,0.56466,0.56466,99
4771,13,1301,13,1301,1301,1986,0.58937,0.58937,99
9740,13,1301,13,1301,1301,1987,0.60787,0.60787,100
4743,13,1301,13,1301,1301,1988,0.59625,0.59625,100
2195,13,1301,13,1301,1301,1989,0.58409,0.58409,101
3280,13,1301,13,1301,1301,1990,0.59461,0.59461,101
8288,13,1301,13,1301,1301,1991,0.58956,0.58956,102
8224,13,1301,13,1301,1301,1992,0.60842,0.60842,102
9479,13,1301,13,1301,1301,1993,0.5304,0.5304,103
7054,13,1301,13,1301,1301,1994,0.46863,0.46863,103
5442,13,1301,13,1301,1301,1995,0.50981,0.50981,104
2177,13,1301,13,1301,1301,1996,0.4793,0.4793,104
7339,13,1301,13,1301,1301,1997,0.49992,0.49992,105
2186,13,1301,13,1301,1301,1998,0.4959,0.4959,105
6904,13,1301,13,1301,1301,1999,0.54998,0.54998,106
2181,13,1301,13,1301,1301,2000,0.53884,0.53884,106
7358,13,1301,13,1301,1301,2001,0.54647,0.54647,107
1652,13,1301,13,1301,1301,2002,0.5498,0.5498,107
6558,13,1301,13,1301,1301,2003,0.56786,0.56786,108
7531,13,1301,13,1301,1301,2004,0.58437,0.58437,108
5512,13,1301,13,1301,1301,2005,0.58133,0.58133,109
6460,13,1301,13,1301,1301,2006,0.58497,0.58497,109
4796,13,1301,13,1301,1301,2007,0.59274,0.59274,110
2613,13,1301,13,1301,1301,2008,0.58936,0.58936,110
3983,13,1301,13,1301,1301,2009,0.54658,0.54658,111
1623,13,1301,13,1301,1301,2010,0.54768,0.54768,111
5368,13,1301,13,1301,1301,2011,0.48661,0.48661,112
6797,13,1301,13,1301,1301,2012,0.50271,0.50271,112
218,13,1301,13,1301,1301,2013,0.49305,0.49305,113
3308,13,1301,13,1301,1301,2014,0.50468,0.50468,113
4865,13,1301,13,1301,1301,2015,0.53604,0.53604,114
7832,13,1301,13,1301,1301,2016,0.56264,0.56264,114
1893,13,1301,13,1301,1301,2017,0.55721,0.55721,115
3154,13,1301,13,1301,1301,2018,0.59368,0.59368,115
2240,13,1303,13,1303,1303,1940,,,76
5298,13,1303,13,1303,1303,1941,,,77
9918,13,1303,13,1303,1303,1942,,,77
35,13,1303,13,1303,1303,1943,,,78
8069,13,1303,13,1303,1303,1944,,,78
7883,13,1303,13,1303,1303,1945,,,79
892,13,1303,13,1303,1303,1946,,,79
7969,13,1303,13,1303,1303,1947,,,80
2933,13,1303,13,1303,1303,1948,,,80
1611,13,1303,13,1303,1303,1949,,,81
6349,13,1303,13,1303,1303,1950,,,81
1621,13,1303,13,1303,1303,1951,,,82
2383,13,1303,13,1303,1303,1952,,,82
5336,13,1303,13,1303,1303,1953,,,83
7097,13,1303,13,1303,1303,1954,,,83
1834,13,1303,13,1303,1303,1955,,,84
4441,13,1303,13,1303,1303,1956,,,84
619,13,1303,13,1303,1303,1957,,,85
9722,13,1303,13,1303,1303,1958,,,85
9982,13,1303,13,1303,1303,1959,,,86
8449,13,1303,13,1303,1303,1960,,,86
6084,13,1303,13,1303,1303,1961,,,87
3866,13,1303,13,1303,1303,1962,,,87
9458,13,1303,13,1303,1303,1963,,,88
498,13,1303,13,1303,1303,1964,,,88
789,13,1303,13,1303,1303,1965,,,89
3976,13,1303,13,1303,1303,1966,,,89
7027,13,1303,13,1303,1303,1967,,,90
4173,13,1303,13,1303,1303,1968,,,90
7340,13,1303,13,1303,1303,1969,,,91
870,13,1303,13,1303,1303,1970,,,91
1324,13,1303,13,1303,1303,1971,,,92
9807,13,1303,13,1303,1303,1972,,,92
7424,13,1303,13,1303,1303,1973,,,93
8825,13,1303,13,1303,1303,1974,,,93
6839,13,1303,13,1303,1303,1975,,,94
1035,13,1303,13,1303,1303,1976,,,94
3617,13,1303,13,1303,1303,1977,,,95
9706,13,1303,13,1303,1303,1978,0.66339,0.66339,95
2088,13,1303,13,1303,1303,1979,0.67931,0.67931,96
7260,13,1303,13,1303,1303,1980,0.67644,0.67644,96
4421,13,1303,13,1303,1303,1981,0.65374,0.65374,97
3501,13,1303,13,1303,1303,1982,0.66632,0.66632,97
1383,13,1303,13,1303,1303,1983,0.67048,0.67048,98
5118,13,1303,13,1303,1303,1984,0.67202,0.67202,98
2454,13,1303,13,1303,1303,1985,0.68956,0.68956,99
5106,13,1303,13,1303,1303,1986,0.70291,0.70291,99
924,13,1303,13,1303,1303,1987,0.71143,0.71143,100
289,13,1303,13,1303,1303,1988,0.71366,0.71366,100
8781,13,1303,13,1303,1303,1989,0.72737,0.72737,101
6046,13,1303,13,1303,1303,1990,0.7157,0.7157,101
6270,13,1303,13,1303,1303,1991,0.72988,0.72988,102
5483,13,1303,13,1303,1303,1992,0.70734,0.70734,102
4910,13,1303,13,1303,1303,1993,0.68989,0.68989,103
436,13,1303,13,1303,1303,1994,0.69,0.69,103
4367,13,1303,13,1303,1303,1995,0.68806,0.68806,104
7376,13,1303,13,1303,1303,1996,0.68711,0.68711,104
6524,13,1303,13,1303,1303,1997,0.69752,0.69752,105
9645,13,1303,13,1303,1303,1998,0.70637,0.70637,105
8394,13,1303,13,1303,1303,1999,0.71012,0.71012,106
6830,13,1303,13,1303,1303,2000,0.71663,0.71663,106
3632,13,1303,13,1303,1303,2001,0.73555,0.73555,107
3120,13,1303,13,1303,1303,2002,0.73849,0.73849,107
2941,13,1303,13,1303,1303,2003,0.75598,0.75598,108
7696,13,1303,13,1303,1303,2004,0.74274,0.74274,108
7236,13,1303,13,1303,1303,2005,0.74759,0.74759,109
3364,13,1303,13,1303,1303,2006,0.74398,0.74398,109
2299,13,1303,13,1303,1303,2007,0.73894,0.73894,110
5163,13,1303,13,1303,1303,2008,0.73668,0.73668,110
7485,13,1303,13,1303,1303,2009,0.72057,0.72057,111
5189,13,1303,13,1303,1303,2010,0.70458,0.70458,111
7697,13,1303,13,1303,1303,2011,0.72184,0.72184,112
7508,13,1303,13,1303,1303,2012,0.70997,0.70997,112
8195,13,1303,13,1303,1303,2013,0.71058,0.71058,113
130,13,1303,13,1303,1303,2014,0.71351,0.71351,113
4176,13,1303,13,1303,1303,2015,0.72193,0.72193,114
9453,13,1303,13,1303,1303,2016,0.72913,0.72913,114
547,13,1303,13,1303,1303,2017,0.73562,0.73562,115
8028,13,1303,13,1303,1303,2018,0.74037,0.74037,115
6847,14,1403,14,1403,1403,1940,,,76
3490,14,1403,14,1403,1403,1941,,,77
2695,14,1403,14,1403,1403,1942,,,77
7348,14,1403,14,1403,1403,1943,,,78
9808,14,1403,14,1403,1403,1944,,,78
5484,14,1403,14,1403,1403,1945,,,79
4682,14,1403,14,1403,1403,1946,,,79
5275,14,1403,14,1403,1403,1947,,,80
219,14,1403,14,1403,1403,1948,,,80
1108,14,1403,14,1403,1403,1949,,,81
2202,14,1403,14,1403,1403,1950,,,81
3607,14,1403,14,1403,1403,1951,,,82
6037,14,1403,14,1403,1403,1952,,,82
6080,14,1403,14,1403,1403,1953,,,83
2615,14,1403,14,1403,1403,1954,,,83
1460,14,1403,14,1403,1403,1955,,,84
7874,14,1403,14,1403,1403,1956,,,84
6272,14,1403,14,1403,1403,1957,,,85
551,14,1403,14,1403,1403,1958,,,85
1248,14,1403,14,1403,1403,1959,,,86
3670,14,1403,14,1403,1403,1960,,,86
7810,14,1403,14,1403,1403,1961,,,87
1060,14,1403,14,1403,1403,1962,,,87
42,14,1403,14,1403,1403,1963,,,88
5527,14,1403,14,1403,1403,1964,,,88
7507,14,1403,14,1403,1403,1965,0.52329,0.52329,89
551,14,1403,14,1403,1403,1966,0.50355,0.50355,89
8249,14,1403,14,1403,1403,1967,0.55286,0.55286,90
8381,14,1403,14,1403,1403,1968,0.6224,0.6224,90
7447,14,1403,14,1403,1403,1969,0.64603,0.64603,91
9149,14,1403,14,1403,1403,1970,0.66241,0.66241,91
7961,14,1403,14,1403,1403,1971,0.67482,0.67482,92
5668,14,1403,14,1403,1403,1972,0.65705,0.65705,92
4102,14,1403,14,1403,1403,1973,0.65466,0.65466,93
9672,14,1403,14,1403,1403,1974,0.65955,0.65955,93
162,14,1403,14,1403,1403,1975,0.60114,0.60114,94
1485,14,1403,14,1403,1403,1976,0.57344,0.57344,94
9427,14,1403,14,1403,1403,1977,0.59836,0.59836,95
324,14,1403,14,1403,1403,1978,0.57139,0.57139,95
7490,14,1403,14,1403,1403,1979,0.58507,0.58507,96
6663,14,1403,14,1403,1403,1980,0.55828,0.55828,96
7064,14,1403,14,1403,1403,1981,0.60699,0.60699,97
1659,14,1403,14,1403,1403,1982,0.61962,0.61962,97
9010,14,1403,14,1403,1403,1983,0.62387,0.62387,98
1645,14,1403,14,1403,1403,1984,0.66627,0.66627,98
5889,14,1403,14,1403,1403,1985,0.63208,0.63208,99
213,14,1403,14,1403,1403,1986,0.62969,0.62969,99
5103,14,1403,14,1403,1403,1987,0.66064,0.66064,100
762,14,1403,14,1403,1403,1988,0.68859,0.68859,100
5353,14,1403,14,1403,1403,1989,0.67761,0.67761,101
9081,14,1403,14,1403,1403,1990,0.70854,0.70854,101
8943,14,1403,14,1403,1403,1991,0.68344,0.68344,102
9419,14,1403,14,1403,1403,1992,0.68272,0.68272,102
6964,14,1403,14,1403,1403,1993,0.69944,0.69944,103
6199,14,1403,14,1403,1403,1994,0.69656,0.69656,103
3068,14,1403,14,1403,1403,1995,0.69067,0.69067,104
7443,14,1403,14,1403,1403,1996,0.68379,0.68379,104
4521,14,1403,14,1403,1403,1997,0.67775,0.67775,105
8575,14,1403,14,1403,1403,1998,0.67056,0.67056,105
6846,14,1403,14,1403,1403,1999,0.68685,0.68685,106
5302,14,1403,14,1403,1403,2000,0.70481,0.70481,106
6502,14,1403,14,1403,1403,2001,0.66711,0.66711,107
1342,14,1403,14,1403,1403,2002,0.62362,0.62362,107
9297,14,1403,14,1403,1403,2003,0.6317,0.6317,108
961,14,1403,14,1403,1403,2004,0.64182,0.64182,108
6645,14,1403,14,1403,1403,2005,0.64645,0.64645,109
9290,14,1403,14,1403,1403,2006,0.65469,0.65469,109
5361,14,1403,14,1403,1403,2007,0.66272,0.66272,110
3061,14,1403,14,1403,1403,2008,0.67162,0.67162,110
4261,14,1403,14,1403,1403,2009,0.63401,0.63401,111
7961,14,1403,14,1403,1403,2010,0.57823,0.57823,111
5501,14,1403,14,1403,1403,2011,0.57648,0.57648,112
2563,14,1403,14,1403,1403,2012,0.58211,0.58211,112
7145,14,1403,14,1403,1403,2013,0.59704,0.59704,113
3566,14,1403,14,1403,1403,2014,0.61697,0.61697,113
6143,14,1403,14,1403,1403,2015,0.63851,0.63851,114
5641,14,1403,14,1403,1403,2016,0.66517,0.66517,114
1420,14,1403,14,1403,1403,2017,0.6767,0.6767,115
3015,14,1403,14,1403,1403,2018,0.69328,0.69328,115
748,14,1406,14,1406,1406,1940,,,76
5101,14,1406,14,1406,1406,1941,,,77
1474,14,1406,14,1406,1406,1942,,,77
6950,14,1406,14,1406,1406,1943,,,78
1440,14,1406,14,1406,1406,1944,,,78
2978,14,1406,14,1406,1406,1945,,,79
8914,14,1406,14,1406,1406,1946,,,79
1235,14,1406,14,1406,1406,1947,,,80
3096,14,1406,14,1406,1406,1948,,,80
9581,14,1406,14,1406,1406,1949,,,81
2637,14,1406,14,1406,1406,1950,,,81
1267,14,1406,14,1406,1406,1951,,,82
9379,14,1406,14,1406,1406,1952,,,82
2885,14,1406,14,1406,1406,1953,,,83
7172,14,1406,14,1406,1406,1954,,,83
1894,14,1406,14,1406,1406,1955,,,84
1581,14,1406,14,1406,1406,1956,,,84
4336,14,1406,14,1406,1406,1957,,,85
3312,14,1406,14,1406,1406,1958,,,85
4462,14,1406,14,1406,1406,1959,,,86
9954,14,1406,14,1406,1406,1960,,,86
5038,14,1406,14,1406,1406,1961,,,87
3599,14,1406,14,1406,1406,1962,,,87
840,14,1406,14,1406,1406,1963,,,88
7512,14,1406,14,1406,1406,1964,,,88
6013,14,1406,14,1406,1406,1965,,,89
9413,14,1406,14,1406,1406,1966,,,89
9053,14,1406,14,1406,1406,1967,,,90
9171,14,1406,14,1406,1406,1968,,,90
7324,14,1406,14,1406,1406,1969,,,91
623,14,1406,14,1406,1406,1970,,,91
5406,14,1406,14,1406,1406,1971,,,92
5509,14,1406,14,1406,1406,1972,,,92
9210,14,1406,14,1406,1406,1973,,,93
7344,14,1406,14,1406,1406,1974,,,93
6218,14,1406,14,1406,1406,1975,,,94
6354,14,1406,14,1406,1406,1976,,,94
9957,14,1406,14,1406,1406,1977,,,95
8445,14,1406,14,1406,1406,1978,,,95
8627,14,1406,14,1406,1406,1979,,,96
7536,14,1406,14,1406,1406,1980,,,96
8794,14,1406,14,1406,1406,1981,,,97
8451,14,1406,14,1406,1406,1982,,,97
129,14,1406,14,1406,1406,1983,,,98
8911,14,1406,14,1406,1406,1984,,,98
9443,14,1406,14,1406,1406,1985,,,99
4460,14,1406,14,1406,1406,1986,,,99
5984,14,1406,14,1406,1406,1987,,,100
3383,14,1406,14,1406,1406,1988,,,100
2302,14,1406,14,1406,1406,1989,,,101
3704,14,1406,14,1406,1406,1990,0.73859,0.73859,101
945,14,1406,14,1406,1406,1991,0.694,0.694,102
737,14,1406,14,1406,1406,1992,0.69399,0.69399,102
2676,14,1406,14,1406,1406,1993,0.69399,0.69399,103
4715,14,1406,14,1406,1406,1994,0.69399,0.69399,103
6492,14,1406,14,1406,1406,1995,0.69399,0.69399,104
1096,14,1406,14,1406,1406,1996,0.6494,0.6494,104
5633,14,1406,14,1406,1406,1997,0.70928,0.70928,105
1416,14,1406,14,1406,1406,1998,0.70929,0.70929,105
8499,14,1406,14,1406,1406,1999,0.70929,0.70929,106
660,14,1406,14,1406,1406,2000,0.70929,0.70929,106
3330,14,1406,14,1406,1406,2001,0.70929,0.70929,107
5515,14,1406,14,1406,1406,2002,0.70929,0.70929,107
3118,14,1406,14,1406,1406,2003,0.70929,0.70929,108
9766,14,1406,14,1406,1406,2004,0.70929,0.70929,108
3695,14,1406,14,1406,1406,2005,0.70929,0.70929,109
8153,14,1406,14,1406,1406,2006,0.76919,0.76919,109
1572,14,1406,14,1406,1406,2007,0.77388,0.77388,110
80,14,1406,14,1406,1406,2008,0.77388,0.77388,110
5684,14,1406,14,1406,1406,2009,0.77388,0.77388,111
8209,14,1406,14,1406,1406,2010,0.77388,0.77388,111
4813,14,1406,14,1406,1406,2011,0.77388,0.77388,112
5947,14,1406,14,1406,1406,2012,0.77388,0.77388,112
6738,14,1406,14,1406,1406,2013,0.77388,0.77388,113
8073,14,1406,14,1406,1406,2014,0.77388,0.77388,113
5875,14,1406,14,1406,1406,2015,0.77388,0.77388,114
7419,14,1406,14,1406,1406,2016,0.77857,0.77857,114
3581,14,1406,14,1406,1406,2017,,,115
7655,14,1406,14,1406,1406,2018,,,115
9323,14,1409,14,1409,1409,1940,,,76
5901,14,1409,14,1409,1409,1941,,,77
5666,14,1409,14,1409,1409,1942,,,77
1067,14,1409,14,1409,1409,1943,,,78
7239,14,1409,14,1409,1409,1944,,,78
4157,14,1409,14,1409,1409,1945,,,79
3124,14,1409,14,1409,1409,1946,,,79
6170,14,1409,14,1409,1409,1947,,,80
7479,14,1409,14,1409,1409,1948,,,80
9747,14,1409,14,1409,1409,1949,,,81
7334,14,1409,14,1409,1409,1950,,,81
2432,14,1409,14,1409,1409,1951,,,82
8696,14,1409,14,1409,1409,1952,,,82
2643,14,1409,14,1409,1409,1953,,,83
279,14,1409,14,1409,1409,1954,,,83
4468,14,1409,14,1409,1409,1955,,,84
1015,14,1409,14,1409,1409,1956,,,84
6492,14,1409,14,1409,1409,1957,,,85
6524,14,1409,14,1409,1409,1958,,,85
1588,14,1409,14,1409,1409,1959,,,86
2243,14,1409,14,1409,1409,1960,,,86
4143,14,1409,14,1409,1409,1961,,,87
3255,14,1409,14,1409,1409,1962,,,87
852,14,1409,14,1409,1409,1963,,,88
5701,14,1409,14,1409,1409,1964,,,88
4505,14,1409,14,1409,1409,1965,,,89
8667,14,1409,14,1409,1409,1966,,,89
2436,14,1409,14,1409,1409,1967,,,90
1156,14,1409,14,1409,1409,1968,,,90
1765,14,1409,14,1409,1409,1969,,,91
9005,14,1409,14,1409,1409,1970,,,91
7117,14,1409,14,1409,1409,1971,,,92
8817,14,1409,14,1409,1409,1972,,,92
7804,14,1409,14,1409,1409,1973,,,93
4722,14,1409,14,1409,1409,1974,,,93
9096,14,1409,14,1409,1409,1975,,,94
8873,14,1409,14,1409,1409,1976,,,94
5250,14,1409,14,1409,1409,1977,,,95
3800,14,1409,14,1409,1409,1978,,,95
3704,14,1409,14,1409,1409,1979,,,96
2096,14,1409,14,1409,1409,1980,,,96
9337,14,1409,14,1409,1409,1981,,,97
4931,14,1409,14,1409,1409,1982,,,97
7875,14,1409,14,1409,1409,1983,,,98
2718,14,1409,14,1409,1409,1984,,,98
4307,14,1409,14,1409,1409,1985,,,99
6040,14,1409,14,1409,1409,1986,,,99
5154,14,1409,14,1409,1409,1987,,,100
6235,14,1409,14,1409,1409,1988,,,100
4342,14,1409,14,1409,1409,1989,,,101
6253,14,1409,14,1409,1409,1990,,,101
8002,14,1409,14,1409,1409,1991,,,102
8261,14,1409,14,1409,1409,1992,0.96615,0.96615,102
4165,14,1409,14,1409,1409,1993,0.86956,0.86956,103
3040,14,1409,14,1409,1409,1994,0.86956,0.86956,103
2413,14,1409,14,1409,1409,1995,0.86956,0.86956,104
3940,14,1409,14,1409,1409,1996,0.80538,0.80538,104
601,14,1409,14,1409,1409,1997,,,105
6403,14,1409,14,1409,1409,1998,,,105
3752,14,1409,14,1409,1409,1999,,,106
6067,14,1409,14,1409,1409,2000,,,106
6237,14,1409,14,1409,1409,2001,,,107
7003,14,1409,14,1409,1409,2002,,,107
2266,14,1409,14,1409,1409,2003,,,108
3281,14,1409,14,1409,1409,2004,,,108
7857,14,1409,14,1409,1409,2005,,,109
4516,14,1409,14,1409,1409,2006,,,109
1870,14,1409,14,1409,1409,2007,,,110
518,14,1409,14,1409,1409,2008,,,110
855,14,1409,14,1409,1409,2009,,,111
8131,14,1409,14,1409,1409,2010,,,111
2628,14,1409,14,1409,1409,2011,,,112
3897,14,1409,14,1409,1409,2012,,,112
4366,14,1409,14,1409,1409,2013,,,113
9582,14,1409,14,1409,1409,2014,,,113
822,14,1409,14,1409,1409,2015,,,114
4391,14,1409,14,1409,1409,2016,,,114
9810,14,1409,14,1409,1409,2017,,,115
85,14,1409,14,1409,1409,2018,,,115
8311,15,1500,15,1500,1500,1940,,,76
6731,15,1500,15,1500,1500,1941,,,77
8333,15,1500,15,1500,1500,1942,,,77
7210,15,1500,15,1500,1500,1943,,,78
5090,15,1500,15,1500,1500,1944,,,78
2282,15,1500,15,1500,1500,1945,,,79
4116,15,1500,15,1500,1500,1946,0.44224,0.44224,79
4386,15,1500,15,1500,1500,1947,0.46061,0.46061,80
4066,15,1500,15,1500,1500,1948,0.46479,0.46479,80
2650,15,1500,15,1500,1500,1949,0.48466,0.48466,81
8905,15,1500,15,1500,1500,1950,0.45083,0.45083,81
7838,15,1500,15,1500,1500,1951,0.44333,0.44333,82
7273,15,1500,15,1500,1500,1952,0.44167,0.44167,82
7015,15,1500,15,1500,1500,1953,0.40104,0.40104,83
9677,15,1500,15,1500,1500,1954,0.40632,0.40632,83
2950,15,1500,15,1500,1500,1955,0.42369,0.42369,84
9938,15,1500,15,1500,1500,1956,0.45502,0.45502,84
6530,15,1500,15,1500,1500,1957,0.4623,0.4623,85
6358,15,1500,15,1500,1500,1958,0.464,0.464,85
2288,15,1500,15,1500,1500,1959,0.46439,0.46439,86
1370,15,1500,15,1500,1500,1960,0.46449,0.46449,86
3872,15,1500,15,1500,1500,1961,0.46451,0.46451,87
2976,15,1500,15,1500,1500,1962,0.49214,0.49214,87
1599,15,1500,15,1500,1500,1963,0.49076,0.49076,88
1283,15,1500,15,1500,1500,1964,0.44649,0.44649,88
8998,15,1500,15,1500,1500,1965,0.45577,0.45577,89
2371,15,1500,15,1500,1500,1966,0.43332,0.43332,89
9304,15,1500,15,1500,1500,1967,0.43807,0.43807,90
3182,15,1500,15,1500,1500,1968,0.41466,0.41466,90
1250,15,1500,15,1500,1500,1969,0.43883,0.43883,91
5379,15,1500,15,1500,1500,1970,0.45403,0.45403,91
3475,15,1500,15,1500,1500,1971,0.45759,0.45759,92
5550,15,1500,15,1500,1500,1972,0.45843,0.45843,92
8122,15,1500,15,1500,1500,1973,0.45862,0.45862,93
545,15,1500,15,1500,1500,1974,0.46737,0.46737,93
6371,15,1500,15,1500,1500,1975,0.48051,0.48051,94
478,15,1500,15,1500,1500,1976,0.4836,0.4836,94
5881,15,1500,15,1500,1500,1977,0.49438,0.49438,95
8717,15,1500,15,1500,1500,1978,0.47393,0.47393,95
83,15,1500,15,1500,1500,1979,0.52291,0.52291,96
3607,15,1500,15,1500,1500,1980,0.50267,0.50267,96
2671,15,1500,15,1500,1500,1981,0.47804,0.47804,97
4227,15,1500,15,1500,1500,1982,0.48197,0.48197,97
9087,15,1500,15,1500,1500,1983,0.47914,0.47914,98
1165,15,1500,15,1500,1500,1984,0.47927,0.47927,98
5967,15,1500,15,1500,1500,1985,0.48172,0.48172,99
2502,15,1500,15,1500,1500,1986,0.53658,0.53658,99
3591,15,1500,15,1500,1500,1987,0.56598,0.56598,100
7222,15,1500,15,1500,1500,1988,0.58171,0.58171,100
7504,15,1500,15,1500,1500,1989,0.62319,0.62319,101
7043,15,1500,15,1500,1500,1990,0.60135,0.60135,101
4036,15,1500,15,1500,1500,1991,0.58872,0.58872,102
7684,15,1500,15,1500,1500,1992,0.56526,0.56526,102
1221,15,1500,15,1500,1500,1993,0.52488,0.52488,103
9403,15,1500,15,1500,1500,1994,0.55222,0.55222,103
9579,15,1500,15,1500,1500,1995,0.53042,0.53042,104
34,15,1500,15,1500,1500,1996,0.53584,0.53584,104
5528,15,1500,15,1500,1500,1997,0.54465,0.54465,105
6191,15,1500,15,1500,1500,1998,0.51993,0.51993,105
7302,15,1500,15,1500,1500,1999,0.51197,0.51197,106
450,15,1500,15,1500,1500,2000,0.50419,0.50419,106
5319,15,1500,15,1500,1500,2001,0.49614,0.49614,107
9864,15,1500,15,1500,1500,2002,0.55832,0.55832,107
4895,15,1500,15,1500,1500,2003,0.5488,0.5488,108
4044,15,1500,15,1500,1500,2004,0.53046,0.53046,108
4868,15,1500,15,1500,1500,2005,0.53982,0.53982,109
2888,15,1500,15,1500,1500,2006,0.53722,0.53722,109
3189,15,1500,15,1500,1500,2007,0.54221,0.54221,110
9030,15,1500,15,1500,1500,2008,0.55114,0.55114,110
9052,15,1500,15,1500,1500,2009,0.53983,0.53983,111
2094,15,1500,15,1500,1500,2010,0.51945,0.51945,111
9176,15,1500,15,1500,1500,2011,0.49966,0.49966,112
9012,15,1500,15,1500,1500,2012,0.49225,0.49225,112
266,15,1500,15,1500,1500,2013,0.47594,0.47594,113
1578,15,1500,15,1500,1500,2014,0.47035,0.47035,113
6671,15,1500,15,1500,1500,2015,0.47171,0.47171,114
8619,15,1500,15,1500,1500,2016,0.48287,0.48287,114
1244,15,1500,15,1500,1500,2017,0.50758,0.50758,115
2144,15,1500,15,1500,1500,2018,0.52689,0.52689,115
6773,15,1525,15,1525,1525,1940,,,76
5194,15,1525,15,1525,1525,1941,,,77
644,15,1525,15,1525,1525,1942,,,77
6598,15,1525,15,1525,1525,1943,,,78
6059,15,1525,15,1525,1525,1944,,,78
8499,15,1525,15,1525,1525,1945,,,79
5397,15,1525,15,1525,1525,1946,,,79
2800,15,1525,15,1525,1525,1947,,,80
2090,15,1525,15,1525,1525,1948,,,80
839,15,1525,15,1525,1525,1949,,,81
4189,15,1525,15,1525,1525,1950,,,81
5372,15,1525,15,1525,1525,1951,,,82
3496,15,1525,15,1525,1525,1952,,,82
6513,15,1525,15,1525,1525,1953,,,83
6524,15,1525,15,1525,1525,1954,,,83
4980,15,1525,15,1525,1525,1955,,,84
4086,15,1525,15,1525,1525,1956,,,84
8167,15,1525,15,1525,1525,1957,,,85
8182,15,1525,15,1525,1525,1958,,,85
6679,15,1525,15,1525,1525,1959,,,86
733,15,1525,15,1525,1525,1960,,,86
1134,15,1525,15,1525,1525,1961,,,87
3967,15,1525,15,1525,1525,1962,,,87
4826,15,1525,15,1525,1525,1963,,,88
5600,15,1525,15,1525,1525,1964,,,88
5501,15,1525,15,1525,1525,1965,,,89
9765,15,1525,15,1525,1525,1966,,,89
1320,15,1525,15,1525,1525,1967,,,90
6436,15,1525,15,1525,1525,1968,,,90
7998,15,1525,15,1525,1525,1969,,,91
1284,15,1525,15,1525,1525,1970,,,91
7113,15,1525,15,1525,1525,1971,,,92
3931,15,1525,15,1525,1525,1972,,,92
4760,15,1525,15,1525,1525,1973,,,93
4955,15,1525,15,1525,1525,1974,0.90939,0.90939,93
5579,15,1525,15,1525,1525,1975,0.90939,0.90939,94
4083,15,1525,15,1525,1525,1976,0.92588,0.92588,94
2404,15,1525,15,1525,1525,1977,0.88663,0.88663,95
1874,15,1525,15,1525,1525,1978,0.85145,0.85145,95
5701,15,1525,15,1525,1525,1979,0.86257,0.86257,96
5494,15,1525,15,1525,1525,1980,0.8483,0.8483,96
6536,15,1525,15,1525,1525,1981,0.82652,0.82652,97
4326,15,1525,15,1525,1525,1982,0.81438,0.81438,97
1579,15,1525,15,1525,1525,1983,0.85152,0.85152,98
4226,15,1525,15,1525,1525,1984,0.8615,0.8615,98
7520,15,1525,15,1525,1525,1985,0.88948,0.88948,99
9409,15,1525,15,1525,1525,1986,0.85942,0.85942,99
3929,15,1525,15,1525,1525,1987,0.85485,0.85485,100
107,15,1525,15,1525,1525,1988,,,100
4334,15,1525,15,1525,1525,1989,,,101
5172,15,1525,15,1525,1525,1990,,,101
5316,15,1525,15,1525,1525,1991,,,102
7149,15,1525,15,1525,1525,1992,,,102
8816,15,1525,15,1525,1525,1993,,,103
1243,15,1525,15,1525,1525,1994,,,103
7660,15,1525,15,1525,1525,1995,,,104
3678,15,1525,15,1525,1525,1996,,,104
1906,15,1525,15,1525,1525,1997,,,105
3914,15,1525,15,1525,1525,1998,,,105
2983,15,1525,15,1525,1525,1999,,,106
1238,15,1525,15,1525,1525,2000,,,106
8020,15,1525,15,1525,1525,2001,,,107
5995,15,1525,15,1525,1525,2002,,,107
3536,15,1525,15,1525,1525,2003,,,108
5844,15,1525,15,1525,1525,2004,,,108
1508,15,1525,15,1525,1525,2005,,,109
9571,15,1525,15,1525,1525,2006,,,109
6193,15,1525,15,1525,1525,2007,,,110
4892,15,1525,15,1525,1525,2008,,,110
2205,15,1525,15,1525,1525,2009,,,111
7903,15,1525,15,1525,1525,2010,,,111
904,15,1525,15,1525,1525,2011,,,112
5462,15,1525,15,1525,1525,2012,,,112
3232,15,1525,15,1525,1525,2013,,,113
1339,15,1525,15,1525,1525,2014,,,113
3497,15,1525,15,1525,1525,2015,,,114
8329,15,1525,15,1525,1525,2016,,,114
5878,15,1525,15,1525,1525,2017,,,115
263,15,1525,15,1525,1525,2018,,,115
9411,16,1600,16,1600,1600,1940,,,76
5607,16,1600,16,1600,1600,1941,,,77
1415,16,1600,16,1600,1600,1942,,,77
7217,16,1600,16,1600,1600,1943,,,78
8239,16,1600,16,1600,1600,1944,,,78
7882,16,1600,16,1600,1600,1945,,,79
8095,16,1600,16,1600,1600,1946,,,79
8363,16,1600,16,1600,1600,1947,,,80
8184,16,1600,16,1600,1600,1948,,,80
211,16,1600,16,1600,1600,1949,,,81
177,16,1600,16,1600,1600,1950,,,81
8695,16,1600,16,1600,1600,1951,,,82
4965,16,1600,16,1600,1600,1952,,,82
2685,16,1600,16,1600,1600,1953,,,83
3151,16,1600,16,1600,1600,1954,,,83
3123,16,1600,16,1600,1600,1955,,,84
3096,16,1600,16,1600,1600,1956,,,84
2065,16,1600,16,1600,1600,1957,,,85
89,16,1600,16,1600,1600,1958,,,85
4430,16,1600,16,1600,1600,1959,,,86
4860,16,1600,16,1600,1600,1960,0.30415,0.30415,86
5339,16,1600,16,1600,1600,1961,0.48733,0.48733,87
5976,16,1600,16,1600,1600,1962,0.50141,0.50141,87
1322,16,1600,16,1600,1600,1963,0.50249,0.50249,88
5213,16,1600,16,1600,1600,1964,0.50257,0.50257,88
3736,16,1600,16,1600,1600,1965,0.50258,0.50258,89
4137,16,1600,16,1600,1600,1966,0.50258,0.50258,89
335,16,1600,16,1600,1600,1967,0.50258,0.50258,90
5728,16,1600,16,1600,1600,1968,0.50258,0.50258,90
7185,16,1600,16,1600,1600,1969,0.66975,0.66975,91
4413,16,1600,16,1600,1600,1970,0.66656,0.66656,91
4307,16,1600,16,1600,1600,1971,0.64475,0.64475,92
2425,16,1600,16,1600,1600,1972,0.55342,0.55342,92
2499,16,1600,16,1600,1600,1973,0.63815,0.63815,93
848,16,1600,16,1600,1600,1974,0.58594,0.58594,93
6128,16,1600,16,1600,1600,1975,0.53402,0.53402,94
7088,16,1600,16,1600,1600,1976,0.43348,0.43348,94
6153,16,1600,16,1600,1600,1977,0.33188,0.33188,95
5386,16,1600,16,1600,1600,1978,0.30955,0.30955,95
3059,16,1600,16,1600,1600,1979,0.24456,0.24456,96
780,16,1600,16,1600,1600,1980,0.10015,0.10015,96
2278,16,1600,16,1600,1600,1981,0.082294,0.082294,97
3110,16,1600,16,1600,1600,1982,0.43775,0.43775,97
1970,16,1600,16,1600,1600,1983,0.49387,0.49387,98
9905,16,1600,16,1600,1600,1984,0.56388,0.56388,98
3146,16,1600,16,1600,1600,1985,0.62729,0.62729,99
6116,16,1600,16,1600,1600,1986,0.60475,0.60475,99
1622,16,1600,16,1600,1600,1987,0.60223,0.60223,100
7664,16,1600,16,1600,1600,1988,0.5879,0.5879,100
4525,16,1600,16,1600,1600,1989,0.6276,0.6276,101
7239,16,1600,16,1600,1600,1990,0.66136,0.66136,101
9546,16,1600,16,1600,1600,1991,0.56149,0.56149,102
8184,16,1600,16,1600,1600,1992,0.74177,0.74177,102
2996,16,1600,16,1600,1600,1993,0.65085,0.65085,103
4562,16,1600,16,1600,1600,1994,0.58767,0.58767,103
7034,16,1600,16,1600,1600,1995,0.56624,0.56624,104
2079,16,1600,16,1600,1600,1996,0.54336,0.54336,104
6502,16,1600,16,1600,1600,1997,0.49088,0.49088,105
842,16,1600,16,1600,1600,1998,0.4466,0.4466,105
8403,16,1600,16,1600,1600,1999,0.32452,0.32452,106
6484,16,1600,16,1600,1600,2000,0.29185,0.29185,106
4915,16,1600,16,1600,1600,2001,0.18085,0.18085,107
6108,16,1600,16,1600,1600,2002,0.21697,0.21697,107
4768,16,1600,16,1600,1600,2003,0.25206,0.25206,108
976,16,1600,16,1600,1600,2004,0.27995,0.27995,108
1261,16,1600,16,1600,1600,2005,0.33375,0.33375,109
132,16,1600,16,1600,1600,2006,0.34282,0.34282,109
5997,16,1600,16,1600,1600,2007,0.49463,0.49463,110
810,16,1600,16,1600,1600,2008,0.40323,0.40323,110
4008,16,1600,16,1600,1600,2009,0.40055,0.40055,111
7389,16,1600,16,1600,1600,2010,0.3524,0.3524,111
3035,16,1600,16,1600,1600,2011,0.46155,0.46155,112
1842,16,1600,16,1600,1600,2012,0.39676,0.39676,112
1223,16,1600,16,1600,1600,2013,0.41434,0.41434,113
2440,16,1600,16,1600,1600,2014,0.38967,0.38967,113
8798,16,1600,16,1600,1600,2015,0.34261,0.34261,114
7756,16,1600,16,1600,1600,2016,0.35476,0.35476,114
8398,16,1600,16,1600,1600,2017,0.31459,0.31459,115
8900,16,1600,16,1600,1600,2018,0.3047,0.3047,115
9562,16,1615,16,1615,1615,1940,,,76
8743,16,1615,16,1615,1615,1941,,,77
5894,16,1615,16,1615,1615,1942,,,77
3974,16,1615,16,1615,1615,1943,,,78
2347,16,1615,16,1615,1615,1944,,,78
353,16,1615,16,1615,1615,1945,,,79
9222,16,1615,16,1615,1615,1946,,,79
2870,16,1615,16,1615,1615,1947,,,80
6625,16,1615,16,1615,1615,1948,,,80
4787,16,1615,16,1615,1615,1949,,,81
5757,16,1615,16,1615,1615,1950,,,81
606,16,1615,16,1615,1615,1951,,,82
7714,16,1615,16,1615,1615,1952,,,82
6984,16,1615,16,1615,1615,1953,,,83
58,16,1615,16,1615,1615,1954,,,83
1835,16,1615,16,1615,1615,1955,,,84
183,16,1615,16,1615,1615,1956,,,84
4736,16,1615,16,1615,1615,1957,,,85
9875,16,1615,16,1615,1615,1958,,,85
6016,16,1615,16,1615,1615,1959,,,86
8040,16,1615,16,1615,1615,1960,,,86
2468,16,1615,16,1615,1615,1961,,,87
8334,16,1615,16,1615,1615,1962,,,87
7593,16,1615,16,1615,1615,1963,,,88
6923,16,1615,16,1615,1615,1964,,,88
8537,16,1615,16,1615,1615,1965,,,89
5732,16,1615,16,1615,1615,1966,,,89
2441,16,1615,16,1615,1615,1967,,,90
8089,16,1615,16,1615,1615,1968,,,90
6887,16,1615,16,1615,1615,1969,,,91
265,16,1615,16,1615,1615,1970,,,91
1005,16,1615,16,1615,1615,1971,,,92
833,16,1615,16,1615,1615,1972,,,92
4244,16,1615,16,1615,1615,1973,,,93
8188,16,1615,16,1615,1615,1974,,,93
108,16,1615,16,1615,1615,1975,,,94
8883,16,1615,16,1615,1615,1976,,,94
3159,16,1615,16,1615,1615,1977,,,95
3177,16,1615,16,1615,1615,1978,,,95
688,16,1615,16,1615,1615,1979,,,96
2784,16,1615,16,1615,1615,1980,,,96
9335,16,1615,16,1615,1615,1981,,,97
1589,16,1615,16,1615,1615,1982,,,97
351,16,1615,16,1615,1615,1983,,,98
5268,16,1615,16,1615,1615,1984,,,98
3590,16,1615,16,1615,1615,1985,,,99
7177,16,1615,16,1615,1615,1986,,,99
6614,16,1615,16,1615,1615,1987,,,100
327,16,1615,16,1615,1615,1988,,,100
5543,16,1615,16,1615,1615,1989,,,101
2398,16,1615,16,1615,1615,1990,,,101
6070,16,1615,16,1615,1615,1991,,,102
9871,16,1615,16,1615,1615,1992,,,102
9089,16,1615,16,1615,1615,1993,,,103
2945,16,1615,16,1615,1615,1994,,,103
8646,16,1615,16,1615,1615,1995,,,104
5288,16,1615,16,1615,1615,1996,,,104
265,16,1615,16,1615,1615,1997,,,105
7942,16,1615,16,1615,1615,1998,,,105
4904,16,1615,16,1615,1615,1999,,,106
9806,16,1615,16,1615,1615,2000,,,106
5452,16,1615,16,1615,1615,2001,,,107
9433,16,1615,16,1615,1615,2002,,,107
6113,16,1615,16,1615,1615,2003,,,108
4756,16,1615,16,1615,1615,2004,0.59976,0.59976,108
9643,16,1615,16,1615,1615,2005,0.62213,0.62213,109
6559,16,1615,16,1615,1615,2006,0.5982,0.5982,109
4387,16,1615,16,1615,1615,2007,0.58407,0.58407,110
4803,16,1615,16,1615,1615,2008,0.57347,0.57347,110
9961,16,1615,16,1615,1615,2009,0.56996,0.56996,111
9169,16,1615,16,1615,1615,2010,0.56875,0.56875,111
6067,16,1615,16,1615,1615,2011,0.5678,0.5678,112
9171,16,1615,16,1615,1615,2012,,,112
7161,16,1615,16,1615,1615,2013,,,113
9253,16,1615,16,1615,1615,2014,,,113
8733,16,1615,16,1615,1615,2015,,,114
2893,16,1615,16,1615,1615,2016,,,114
3109,16,1615,16,1615,1615,2017,,,115
5921,16,1615,16,1615,1615,2018,,,115
3563,17,1701,17,1701,1701,1940,,,76
6975,17,1701,17,1701,1701,1941,,,77
8004,17,1701,17,1701,1701,1942,,,77
5593,17,1701,17,1701,1701,1943,,,78
8915,17,1701,17,1701,1701,1944,,,78
3504,17,1701,17,1701,1701,1945,,,79
3455,17,1701,17,1701,1701,1946,,,79
3675,17,1701,17,1701,1701,1947,,,80
2914,17,1701,17,1701,1701,1948,,,80
5402,17,1701,17,1701,1701,1949,,,81
4522,17,1701,17,1701,1701,1950,,,81
6682,17,1701,17,1701,1701,1951,,,82
4262,17,1701,17,1701,1701,1952,,,82
3651,17,1701,17,1701,1701,1953,,,83
2961,17,1701,17,1701,1701,1954,,,83
4551,17,1701,17,1701,1701,1955,,,84
5440,17,1701,17,1701,1701,1956,,,84
3480,17,1701,17,1701,1701,1957,,,85
6301,17,1701,17,1701,1701,1958,,,85
1016,17,1701,17,1701,1701,1959,,,86
9503,17,1701,17,1701,1701,1960,,,86
1402,17,1701,17,1701,1701,1961,,,87
1066,17,1701,17,1701,1701,1962,,,87
8710,17,1701,17,1701,1701,1963,,,88
711,17,1701,17,1701,1701,1964,,,88
9363,17,1701,17,1701,1701,1965,,,89
6821,17,1701,17,1701,1701,1966,,,89
2457,17,1701,17,1701,1701,1967,,,90
2515,17,1701,17,1701,1701,1968,,,90
2331,17,1701,17,1701,1701,1969,,,91
4054,17,1701,17,1701,1701,1970,,,91
5016,17,1701,17,1701,1701,1971,,,92
6540,17,1701,17,1701,1701,1972,,,92
9183,17,1701,17,1701,1701,1973,0.10995,0.10995,93
9576,17,1701,17,1701,1701,1974,0.10893,0.10893,93
5163,17,1701,17,1701,1701,1975,0.1096,0.1096,94
5398,17,1701,17,1701,1701,1976,0.12731,0.12731,94
8690,17,1701,17,1701,1701,1977,0.1629,0.1629,95
1499,17,1701,17,1701,1701,1978,0.19128,0.19128,95
8472,17,1701,17,1701,1701,1979,0.25203,0.25203,96
7172,17,1701,17,1701,1701,1980,0.30337,0.30337,96
6021,17,1701,17,1701,1701,1981,0.24921,0.24921,97
9587,17,1701,17,1701,1701,1982,0.19675,0.19675,97
4207,17,1701,17,1701,1701,1983,0.25126,0.25126,98
5753,17,1701,17,1701,1701,1984,0.21785,0.21785,98
5094,17,1701,17,1701,1701,1985,0.21344,0.21344,99
6414,17,1701,17,1701,1701,1986,0.21055,0.21055,99
7640,17,1701,17,1701,1701,1987,0.24059,0.24059,100
3971,17,1701,17,1701,1701,1988,0.33332,0.33332,100
4720,17,1701,17,1701,1701,1989,0.293,0.293,101
4773,17,1701,17,1701,1701,1990,0.22401,0.22401,101
5832,17,1701,17,1701,1701,1991,0.24367,0.24367,102
5915,17,1701,17,1701,1701,1992,0.18569,0.18569,102
5517,17,1701,17,1701,1701,1993,0.14199,0.14199,103
2340,17,1701,17,1701,1701,1994,0.15721,0.15721,103
7733,17,1701,17,1701,1701,1995,0.19115,0.19115,104
3822,17,1701,17,1701,1701,1996,0.21723,0.21723,104
6610,17,1701,17,1701,1701,1997,0.21507,0.21507,105
2768,17,1701,17,1701,1701,1998,0.21157,0.21157,105
8887,17,1701,17,1701,1701,1999,0.22694,0.22694,106
3736,17,1701,17,1701,1701,2000,0.24407,0.24407,106
4825,17,1701,17,1701,1701,2001,0.24343,0.24343,107
8627,17,1701,17,1701,1701,2002,0.23973,0.23973,107
7667,17,1701,17,1701,1701,2003,0.24647,0.24647,108
4799,17,1701,17,1701,1701,2004,0.25312,0.25312,108
3046,17,1701,17,1701,1701,2005,0.2688,0.2688,109
2836,17,1701,17,1701,1701,2006,0.27936,0.27936,109
2654,17,1701,17,1701,1701,2007,0.26609,0.26609,110
9306,17,1701,17,1701,1701,2008,0.25549,0.25549,110
4051,17,1701,17,1701,1701,2009,0.27952,0.27952,111
4021,17,1701,17,1701,1701,2010,0.30271,0.30271,111
7715,17,1701,17,1701,1701,2011,0.36419,0.36419,112
8854,17,1701,17,1701,1701,2012,0.412,0.412,112
2941,17,1701,17,1701,1701,2013,0.4348,0.4348,113
4537,17,1701,17,1701,1701,2014,0.45431,0.45431,113
9323,17,1701,17,1701,1701,2015,0.45422,0.45422,114
8945,17,1701,17,1701,1701,2016,0.44965,0.44965,114
1094,17,1701,17,1701,1701,2017,0.46183,0.46183,115
845,17,1701,17,1701,1701,2018,0.47127,0.47127,115
7156,17,1798,17,1798,1798,1940,,,76
5042,17,1798,17,1798,1798,1941,,,77
6825,17,1798,17,1798,1798,1942,,,77
5374,17,1798,17,1798,1798,1943,,,78
6088,17,1798,17,1798,1798,1944,,,78
746,17,1798,17,1798,1798,1945,,,79
6997,17,1798,17,1798,1798,1946,,,79
9816,17,1798,17,1798,1798,1947,,,80
1002,17,1798,17,1798,1798,1948,,,80
1332,17,1798,17,1798,1798,1949,,,81
3394,17,1798,17,1798,1798,1950,,,81
6609,17,1798,17,1798,1798,1951,,,82
1168,17,1798,17,1798,1798,1952,,,82
7223,17,1798,17,1798,1798,1953,,,83
7678,17,1798,17,1798,1798,1954,,,83
3786,17,1798,17,1798,1798,1955,,,84
2144,17,1798,17,1798,1798,1956,,,84
5598,17,1798,17,1798,1798,1957,,,85
4230,17,1798,17,1798,1798,1958,,,85
5160,17,1798,17,1798,1798,1959,,,86
9622,17,1798,17,1798,1798,1960,,,86
6961,17,1798,17,1798,1798,1961,,,87
2030,17,1798,17,1798,1798,1962,,,87
5438,17,1798,17,1798,1798,1963,,,88
437,17,1798,17,1798,1798,1964,,,88
7741,17,1798,17,1798,1798,1965,,,89
3307,17,1798,17,1798,1798,1966,,,89
1762,17,1798,17,1798,1798,1967,,,90
2537,17,1798,17,1798,1798,1968,,,90
8399,17,1798,17,1798,1798,1969,,,91
4310,17,1798,17,1798,1798,1970,,,91
5217,17,1798,17,1798,1798,1971,,,92
3565,17,1798,17,1798,1798,1972,,,92
6917,17,1798,17,1798,1798,1973,,,93
7342,17,1798,17,1798,1798,1974,,,93
9651,17,1798,17,1798,1798,1975,,,94
2472,17,1798,17,1798,1798,1976,,,94
8861,17,1798,17,1798,1798,1977,,,95
3352,17,1798,17,1798,1798,1978,,,95
5079,17,1798,17,1798,1798,1979,,,96
7057,17,1798,17,1798,1798,1980,,,96
4718,17,1798,17,1798,1798,1981,,,97
28,17,1798,17,1798,1798,1982,,,97
9276,17,1798,17,1798,1798,1983,,,98
5355,17,1798,17,1798,1798,1984,0.62998,0.62998,98
2274,17,1798,17,1798,1798,1985,0.59194,0.59194,99
8710,17,1798,17,1798,1798,1986,0.55389,0.55389,99
9560,17,1798,17,1798,1798,1987,0.55863,0.55863,100
8987,17,1798,17,1798,1798,1988,0.5634,0.5634,100
1865,17,1798,17,1798,1798,1989,0.50089,0.50089,101
8334,17,1798,17,1798,1798,1990,0.43837,0.43837,101
6916,17,1798,17,1798,1798,1991,0.53201,0.53201,102
111,17,1798,17,1798,1798,1992,0.62571,0.62571,102
8621,17,1798,17,1798,1798,1993,0.62575,0.62575,103
8828,17,1798,17,1798,1798,1994,0.62575,0.62575,103
3230,17,1798,17,1798,1798,1995,0.62575,0.62575,104
9922,17,1798,17,1798,1798,1996,0.62575,0.62575,104
8263,17,1798,17,1798,1798,1997,0.62575,0.62575,105
7139,17,1798,17,1798,1798,1998,0.62575,0.62575,105
1050,17,1798,17,1798,1798,1999,0.62575,0.62575,106
9227,17,1798,17,1798,1798,2000,0.62575,0.62575,106
4942,17,1798,17,1798,1798,2001,0.62575,0.62575,107
585,17,1798,17,1798,1798,2002,0.62575,0.62575,107
1348,17,1798,17,1798,1798,2003,0.68886,0.68886,108
92,17,1798,17,1798,1798,2004,0.75199,0.75199,108
8637,17,1798,17,1798,1798,2005,0.78885,0.78885,109
855,17,1798,17,1798,1798,2006,0.82568,0.82568,109
4208,17,1798,17,1798,1798,2007,0.79882,0.79882,110
8819,17,1798,17,1798,1798,2008,0.77194,0.77194,110
6876,17,1798,17,1798,1798,2009,0.75702,0.75702,111
1876,17,1798,17,1798,1798,2010,0.74209,0.74209,111
7243,17,1798,17,1798,1798,2011,0.71071,0.71071,112
8995,17,1798,17,1798,1798,2012,0.67933,0.67933,112
395,17,1798,17,1798,1798,2013,0.72747,0.72747,113
7667,17,1798,17,1798,1798,2014,0.77563,0.77563,113
1787,17,1798,17,1798,1798,2015,0.79554,0.79554,114
7947,17,1798,17,1798,1798,2016,0.81543,0.81543,114
7619,17,1798,17,1798,1798,2017,0.89048,0.89048,115
9130,17,1798,17,1798,1798,2018,0.96553,0.96553,115
3316,19,1901,19,1901,1901,1940,,,76
8833,19,1901,19,1901,1901,1941,,,77
8775,19,1901,19,1901,1901,1942,,,77
2901,19,1901,19,1901,1901,1943,,,78
9051,19,1901,19,1901,1901,1944,,,78
7070,19,1901,19,1901,1901,1945,,,79
9824,19,1901,19,1901,1901,1946,,,79
2363,19,1901,19,1901,1901,1947,,,80
8844,19,1901,19,1901,1901,1948,,,80
2110,19,1901,19,1901,1901,1949,,,81
2120,19,1901,19,1901,1901,1950,,,81
3546,19,1901,19,1901,1901,1951,,,82
4503,19,1901,19,1901,1901,1952,,,82
8840,19,1901,19,1901,1901,1953,,,83
302,19,1901,19,1901,1901,1954,,,83
4319,19,1901,19,1901,1901,1955,,,84
5134,19,1901,19,1901,1901,1956,,,84
7717,19,1901,19,1901,1901,1957,,,85
2582,19,1901,19,1901,1901,1958,,,85
8207,19,1901,19,1901,1901,1959,,,86
113,19,1901,19,1901,1901,1960,,,86
9005,19,1901,19,1901,1901,1961,,,87
2339,19,1901,19,1901,1901,1962,,,87
1114,19,1901,19,1901,1901,1963,,,88
1580,19,1901,19,1901,1901,1964,,,88
2410,19,1901,19,1901,1901,1965,,,89
1160,19,1901,19,1901,1901,1966,,,89
286,19,1901,19,1901,1901,1967,,,90
5194,19,1901,19,1901,1901,1968,,,90
7336,19,1901,19,1901,1901,1969,,,91
878,19,1901,19,1901,1901,1970,,,91
2532,19,1901,19,1901,1901,1971,,,92
2891,19,1901,19,1901,1901,1972,,,92
8127,19,1901,19,1901,1901,1973,0.036152,0.036152,93
1439,19,1901,19,1901,1901,1974,0.0050151,0.0050151,93
1052,19,1901,19,1901,1901,1975,0.055276,0.055276,94
5900,19,1901,19,1901,1901,1976,0.005417,0.005417,94
5605,19,1901,19,1901,1901,1977,0.019258,0.019258,95
1122,19,1901,19,1901,1901,1978,0.031335,0.031335,95
7031,19,1901,19,1901,1901,1979,0.044915,0.044915,96
1487,19,1901,19,1901,1901,1980,0.058644,0.058644,96
3800,19,1901,19,1901,1901,1981,0.072811,0.072811,97
3411,19,1901,19,1901,1901,1982,0.086928,0.086928,97
4410,19,1901,19,1901,1901,1983,0.031605,0.031605,98
1654,19,1901,19,1901,1901,1984,0.035755,0.035755,98
3298,19,1901,19,1901,1901,1985,0.1108,0.1108,99
9790,19,1901,19,1901,1901,1986,0.080155,0.080155,99
656,19,1901,19,1901,1901,1987,0.11966,0.11966,100
7196,19,1901,19,1901,1901,1988,0.069542,0.069542,100
7781,19,1901,19,1901,1901,1989,0.066813,0.066813,101
7715,19,1901,19,1901,1901,1990,0.081021,0.081021,101
5119,19,1901,19,1901,1901,1991,0.030339,0.030339,102
7267,19,1901,19,1901,1901,1992,0.037577,0.037577,102
3298,19,1901,19,1901,1901,1993,0.039737,0.039737,103
5942,19,1901,19,1901,1901,1994,0.038564,0.038564,103
5889,19,1901,19,1901,1901,1995,0.038139,0.038139,104
2855,19,1901,19,1901,1901,1996,0.038393,0.038393,104
3843,19,1901,19,1901,1901,1997,0.076797,0.076797,105
8224,19,1901,19,1901,1901,1998,0.11993,0.11993,105
5123,19,1901,19,1901,1901,1999,0.15087,0.15087,106
3018,19,1901,19,1901,1901,2000,0.17647,0.17647,106
2323,19,1901,19,1901,1901,2001,0.16889,0.16889,107
5186,19,1901,19,1901,1901,2002,0.15089,0.15089,107
943,19,1901,19,1901,1901,2003,0.1636,0.1636,108
7727,19,1901,19,1901,1901,2004,0.19286,0.19286,108
2968,19,1901,19,1901,1901,2005,0.22413,0.22413,109
7631,19,1901,19,1901,1901,2006,0.24866,0.24866,109
6924,19,1901,19,1901,1901,2007,0.25309,0.25309,110
414,19,1901,19,1901,1901,2008,0.26073,0.26073,110
9260,19,1901,19,1901,1901,2009,0.22421,0.22421,111
2790,19,1901,19,1901,1901,2010,0.18157,0.18157,111
9924,19,1901,19,1901,1901,2011,0.15869,0.15869,112
1573,19,1901,19,1901,1901,2012,0.14109,0.14109,112
7865,19,1901,19,1901,1901,2013,0.12898,0.12898,113
7137,19,1901,19,1901,1901,2014,0.1167,0.1167,113
7495,19,1901,19,1901,1901,2015,0.16175,0.16175,114
6889,19,1901,19,1901,1901,2016,0.21701,0.21701,114
7055,19,1901,19,1901,1901,2017,0.3222,0.3222,115
4342,19,1901,19,1901,1901,2018,0.429,0.429,115
7083,19,1925,19,1925,1925,1940,,,76
3944,19,1925,19,1925,1925,1941,,,77
6495,19,1925,19,1925,1925,1942,,,77
6337,19,1925,19,1925,1925,1943,,,78
8559,19,1925,19,1925,1925,1944,,,78
2071,19,1925,19,1925,1925,1945,,,79
8832,19,1925,19,1925,1925,1946,,,79
6093,19,1925,19,1925,1925,1947,,,80
4391,19,1925,19,1925,1925,1948,,,80
739,19,1925,19,1925,1925,1949,,,81
5326,19,1925,19,1925,1925,1950,,,81
6904,19,1925,19,1925,1925,1951,,,82
3903,19,1925,19,1925,1925,1952,,,82
9585,19,1925,19,1925,1925,1953,,,83
8162,19,1925,19,1925,1925,1954,,,83
1243,19,1925,19,1925,1925,1955,,,84
6670,19,1925,19,1925,1925,1956,,,84
6750,19,1925,19,1925,1925,1957,,,85
8269,19,1925,19,1925,1925,1958,,,85
8458,19,1925,19,1925,1925,1959,,,86
2502,19,1925,19,1925,1925,1960,,,86
6714,19,1925,19,1925,1925,1961,,,87
5611,19,1925,19,1925,1925,1962,,,87
5016,19,1925,19,1925,1925,1963,,,88
6379,19,1925,19,1925,1925,1964,,,88
6491,19,1925,19,1925,1925,1965,,,89
1106,19,1925,19,1925,1925,1966,,,89
2016,19,1925,19,1925,1925,1967,,,90
5898,19,1925,19,1925,1925,1968,,,90
9000,19,1925,19,1925,1925,1969,,,91
1137,19,1925,19,1925,1925,1970,,,91
4826,19,1925,19,1925,1925,1971,,,92
2862,19,1925,19,1925,1925,1972,,,92
3498,19,1925,19,1925,1925,1973,,,93
3762,19,1925,19,1925,1925,1974,,,93
5728,19,1925,19,1925,1925,1975,,,94
5756,19,1925,19,1925,1925,1976,,,94
1414,19,1925,19,1925,1925,1977,,,95
3031,19,1925,19,1925,1925,1978,,,95
909,19,1925,19,1925,1925,1979,,,96
3535,19,1925,19,1925,1925,1980,,,96
1814,19,1925,19,1925,1925,1981,,,97
8549,19,1925,19,1925,1925,1982,,,97
1001,19,1925,19,1925,1925,1983,,,98
3918,19,1925,19,1925,1925,1984,,,98
8839,19,1925,19,1925,1925,1985,,,99
3918,19,1925,19,1925,1925,1986,,,99
524,19,1925,19,1925,1925,1987,,,100
4251,19,1925,19,1925,1925,1988,,,100
1003,19,1925,19,1925,1925,1989,,,101
7778,19,1925,19,1925,1925,1990,,,101
1041,19,1925,19,1925,1925,1991,,,102
8424,19,1925,19,1925,1925,1992,,,102
7073,19,1925,19,1925,1925,1993,,,103
9110,19,1925,19,1925,1925,1994,,,103
8767,19,1925,19,1925,1925,1995,,,104
1288,19,1925,19,1925,1925,1996,,,104
7625,19,1925,19,1925,1925,1997,,,105
6683,19,1925,19,1925,1925,1998,,,105
1009,19,1925,19,1925,1925,1999,,,106
8613,19,1925,19,1925,1925,2000,,,106
4877,19,1925,19,1925,1925,2001,,,107
3940,19,1925,19,1925,1925,2002,,,107
3818,19,1925,19,1925,1925,2003,,,108
7089,19,1925,19,1925,1925,2004,0.56165,0.56165,108
8625,19,1925,19,1925,1925,2005,0.55379,0.55379,109
3377,19,1925,19,1925,1925,2006,0.56492,0.56492,109
2086,19,1925,19,1925,1925,2007,0.56618,0.56618,110
9078,19,1925,19,1925,1925,2008,0.5325,0.5325,110
2664,19,1925,19,1925,1925,2009,0.49918,0.49918,111
5488,19,1925,19,1925,1925,2010,0.47294,0.47294,111
7378,19,1925,19,1925,1925,2011,0.44993,0.44993,112
1929,19,1925,19,1925,1925,2012,0.45738,0.45738,112
9625,19,1925,19,1925,1925,2013,0.4749,0.4749,113
2040,19,1925,19,1925,1925,2014,0.42388,0.42388,113
4956,19,1925,19,1925,1925,2015,0.45976,0.45976,114
1477,19,1925,19,1925,1925,2016,,,114
8687,19,1925,19,1925,1925,2017,,,115
4582,19,1925,19,1925,1925,2018,,,115
9656,20,2000,20,2000,2000,1940,,,76
1886,20,2000,20,2000,2000,1941,,,77
9410,20,2000,20,2000,2000,1942,,,77
1147,20,2000,20,2000,2000,1943,,,78
5059,20,2000,20,2000,2000,1944,,,78
924,20,2000,20,2000,2000,1945,,,79
2234,20,2000,20,2000,2000,1946,,,79
9642,20,2000,20,2000,2000,1947,,,80
6226,20,2000,20,2000,2000,1948,,,80
1552,20,2000,20,2000,2000,1949,,,81
7850,20,2000,20,2000,2000,1950,,,81
412,20,2000,20,2000,2000,1951,,,82
3100,20,2000,20,2000,2000,1952,,,82
9857,20,2000,20,2000,2000,1953,,,83
9287,20,2000,20,2000,2000,1954,,,83
1257,20,2000,20,2000,2000,1955,,,84
5627,20,2000,20,2000,2000,1956,,,84
5390,20,2000,20,2000,2000,1957,,,85
6953,20,2000,20,2000,2000,1958,,,85
1264,20,2000,20,2000,2000,1959,,,86
8198,20,2000,20,2000,2000,1960,,,86
9623,20,2000,20,2000,2000,1961,,,87
6760,20,2000,20,2000,2000,1962,,,87
798,20,2000,20,2000,2000,1963,,,88
2507,20,2000,20,2000,2000,1964,0.55413,0.55413,88
3828,20,2000,20,2000,2000,1965,0.51777,0.51777,89
7280,20,2000,20,2000,2000,1966,0.48327,0.48327,89
1106,20,2000,20,2000,2000,1967,0.48211,0.48211,90
6930,20,2000,20,2000,2000,1968,0.48584,0.48584,90
1356,20,2000,20,2000,2000,1969,0.50971,0.50971,91
5827,20,2000,20,2000,2000,1970,0.53184,0.53184,91
9591,20,2000,20,2000,2000,1971,0.50433,0.50433,92
1379,20,2000,20,2000,2000,1972,0.47513,0.47513,92
8484,20,2000,20,2000,2000,1973,0.49254,0.49254,93
9720,20,2000,20,2000,2000,1974,0.49289,0.49289,93
6338,20,2000,20,2000,2000,1975,0.49277,0.49277,94
7917,20,2000,20,2000,2000,1976,0.43716,0.43716,94
2091,20,2000,20,2000,2000,1977,0.41492,0.41492,95
8016,20,2000,20,2000,2000,1978,0.40224,0.40224,95
548,20,2000,20,2000,2000,1979,0.37305,0.37305,96
5916,20,2000,20,2000,2000,1980,0.36537,0.36537,96
5324,20,2000,20,2000,2000,1981,0.35443,0.35443,97
8161,20,2000,20,2000,2000,1982,0.35362,0.35362,97
9214,20,2000,20,2000,2000,1983,0.34081,0.34081,98
8471,20,2000,20,2000,2000,1984,0.41808,0.41808,98
6521,20,2000,20,2000,2000,1985,0.43474,0.43474,99
3462,20,2000,20,2000,2000,1986,0.42974,0.42974,99
5110,20,2000,20,2000,2000,1987,0.50312,0.50312,100
1245,20,2000,20,2000,2000,1988,0.45167,0.45167,100
4105,20,2000,20,2000,2000,1989,0.46348,0.46348,101
4912,20,2000,20,2000,2000,1990,0.47377,0.47377,101
1801,20,2000,20,2000,2000,1991,0.47028,0.47028,102
2983,20,2000,20,2000,2000,1992,0.42924,0.42924,102
9547,20,2000,20,2000,2000,1993,0.38854,0.38854,103
7208,20,2000,20,2000,2000,1994,0.36568,0.36568,103
3808,20,2000,20,2000,2000,1995,0.3021,0.3021,104
4799,20,2000,20,2000,2000,1996,0.33712,0.33712,104
229,20,2000,20,2000,2000,1997,0.32298,0.32298,105
2978,20,2000,20,2000,2000,1998,0.35543,0.35543,105
9485,20,2000,20,2000,2000,1999,0.40479,0.40479,106
4311,20,2000,20,2000,2000,2000,0.3788,0.3788,106
8598,20,2000,20,2000,2000,2001,0.40014,0.40014,107
300,20,2000,20,2000,2000,2002,0.43943,0.43943,107
830,20,2000,20,2000,2000,2003,0.41802,0.41802,108
2954,20,2000,20,2000,2000,2004,0.41943,0.41943,108
7386,20,2000,20,2000,2000,2005,0.4245,0.4245,109
9753,20,2000,20,2000,2000,2006,0.4407,0.4407,109
2790,20,2000,20,2000,2000,2007,0.43728,0.43728,110
1822,20,2000,20,2000,2000,2008,0.44462,0.44462,110
7972,20,2000,20,2000,2000,2009,0.41622,0.41622,111
3037,20,2000,20,2000,2000,2010,0.38355,0.38355,111
3745,20,2000,20,2000,2000,2011,0.38877,0.38877,112
9329,20,2000,20,2000,2000,2012,0.3833,0.3833,112
1943,20,2000,20,2000,2000,2013,0.38234,0.38234,113
7834,20,2000,20,2000,2000,2014,0.37473,0.37473,113
929,20,2000,20,2000,2000,2015,0.39967,0.39967,114
2083,20,2000,20,2000,2000,2016,0.41476,0.41476,114
9755,20,2000,20,2000,2000,2017,0.4731,0.4731,115
951,20,2000,20,2000,2000,2018,0.48157,0.48157,115
3599,20,2001,20,2001,2001,1940,,,76
7263,20,2001,20,2001,2001,1941,,,77
2237,20,2001,20,2001,2001,1942,,,77
4572,20,2001,20,2001,2001,1943,,,78
6500,20,2001,20,2001,2001,1944,,,78
6226,20,2001,20,2001,2001,1945,,,79
6198,20,2001,20,2001,2001,1946,,,79
6867,20,2001,20,2001,2001,1947,,,80
8305,20,2001,20,2001,2001,1948,,,80
6369,20,2001,20,2001,2001,1949,,,81
1968,20,2001,20,2001,2001,1950,,,81
6457,20,2001,20,2001,2001,1951,,,82
6587,20,2001,20,2001,2001,1952,,,82
742,20,2001,20,2001,2001,1953,,,83
6141,20,2001,20,2001,2001,1954,,,83
6833,20,2001,20,2001,2001,1955,,,84
6354,20,2001,20,2001,2001,1956,,,84
8894,20,2001,20,2001,2001,1957,,,85
9359,20,2001,20,2001,2001,1958,,,85
3290,20,2001,20,2001,2001,1959,,,86
5261,20,2001,20,2001,2001,1960,,,86
5806,20,2001,20,2001,2001,1961,,,87
1766,20,2001,20,2001,2001,1962,,,87
1884,20,2001,20,2001,2001,1963,,,88
9437,20,2001,20,2001,2001,1964,,,88
9007,20,2001,20,2001,2001,1965,,,89
3331,20,2001,20,2001,2001,1966,,,89
4822,20,2001,20,2001,2001,1967,,,90
2229,20,2001,20,2001,2001,1968,,,90
8325,20,2001,20,2001,2001,1969,,,91
1631,20,2001,20,2001,2001,1970,,,91
7640,20,2001,20,2001,2001,1971,,,92
3703,20,2001,20,2001,2001,1972,,,92
7186,20,2001,20,2001,2001,1973,,,93
4521,20,2001,20,2001,2001,1974,,,93
3426,20,2001,20,2001,2001,1975,,,94
1837,20,2001,20,2001,2001,1976,,,94
8123,20,2001,20,2001,2001,1977,,,95
1299,20,2001,20,2001,2001,1978,,,95
1365,20,2001,20,2001,2001,1979,,,96
5371,20,2001,20,2001,2001,1980,,,96
7777,20,2001,20,2001,2001,1981,,,97
4432,20,2001,20,2001,2001,1982,,,97
2149,20,2001,20,2001,2001,1983,,,98
6635,20,2001,20,2001,2001,1984,,,98
6726,20,2001,20,2001,2001,1985,0.27486,0.27486,99
8733,20,2001,20,2001,2001,1986,0.2971,0.2971,99
522,20,2001,20,2001,2001,1987,0.2977,0.2977,100
8025,20,2001,20,2001,2001,1988,0.28638,0.28638,100
7016,20,2001,20,2001,2001,1989,0.28608,0.28608,101
1752,20,2001,20,2001,2001,1990,0.29575,0.29575,101
9725,20,2001,20,2001,2001,1991,0.27617,0.27617,102
173,20,2001,20,2001,2001,1992,0.27581,0.27581,102
5992,20,2001,20,2001,2001,1993,0.27582,0.27582,103
5330,20,2001,20,2001,2001,1994,0.27583,0.27583,103
9507,20,2001,20,2001,2001,1995,0.24114,0.24114,104
4021,20,2001,20,2001,2001,1996,0.24394,0.24394,104
8665,20,2001,20,2001,2001,1997,0.31078,0.31078,105
2695,20,2001,20,2001,2001,1998,0.31262,0.31262,105
3746,20,2001,20,2001,2001,1999,0.31268,0.31268,106
3849,20,2001,20,2001,2001,2000,0.31268,0.31268,106
8972,20,2001,20,2001,2001,2001,0.31268,0.31268,107
8124,20,2001,20,2001,2001,2002,0.37568,0.37568,107
8956,20,2001,20,2001,2001,2003,0.36956,0.36956,108
4004,20,2001,20,2001,2001,2004,0.37329,0.37329,108
2468,20,2001,20,2001,2001,2005,0.32856,0.32856,109
9573,20,2001,20,2001,2001,2006,0.32023,0.32023,109
8253,20,2001,20,2001,2001,2007,0.31108,0.31108,110
4973,20,2001,20,2001,2001,2008,0.31859,0.31859,110
5667,20,2001,20,2001,2001,2009,0.35171,0.35171,111
3329,20,2001,20,2001,2001,2010,0.34207,0.34207,111
8410,20,2001,20,2001,2001,2011,0.34605,0.34605,112
4729,20,2001,20,2001,2001,2012,0.36209,0.36209,112
2427,20,2001,20,2001,2001,2013,0.33668,0.33668,113
7962,20,2001,20,2001,2001,2014,,,113
5350,20,2001,20,2001,2001,2015,,,114
6000,20,2001,20,2001,2001,2016,,,114
25,20,2001,20,2001,2001,2017,,,115
9413,20,2001,20,2001,2001,2018,,,115
6410,20,2002,20,2002,2002,1940,,,76
3707,20,2002,20,2002,2002,1941,,,77
8982,20,2002,20,2002,2002,1942,,,77
1867,20,2002,20,2002,2002,1943,,,78
697,20,2002,20,2002,2002,1944,,,78
7113,20,2002,20,2002,2002,1945,,,79
5760,20,2002,20,2002,2002,1946,,,79
5439,20,2002,20,2002,2002,1947,,,80
7788,20,2002,20,2002,2002,1948,,,80
2151,20,2002,20,2002,2002,1949,,,81
2426,20,2002,20,2002,2002,1950,,,81
182,20,2002,20,2002,2002,1951,,,82
1905,20,2002,20,2002,2002,1952,,,82
9497,20,2002,20,2002,2002,1953,,,83
9702,20,2002,20,2002,2002,1954,,,83
1038,20,2002,20,2002,2002,1955,,,84
287,20,2002,20,2002,2002,1956,,,84
1955,20,2002,20,2002,2002,1957,,,85
5894,20,2002,20,2002,2002,1958,0.53117,0.53117,85
2759,20,2002,20,2002,2002,1959,0.51792,0.51792,86
4111,20,2002,20,2002,2002,1960,0.51791,0.51791,86
8517,20,2002,20,2002,2002,1961,0.51791,0.51791,87
6200,20,2002,20,2002,2002,1962,0.51791,0.51791,87
2843,20,2002,20,2002,2002,1963,0.51791,0.51791,88
8077,20,2002,20,2002,2002,1964,0.50465,0.50465,88
6894,20,2002,20,2002,2002,1965,0.43869,0.43869,89
5991,20,2002,20,2002,2002,1966,0.43865,0.43865,89
5854,20,2002,20,2002,2002,1967,0.43865,0.43865,90
7929,20,2002,20,2002,2002,1968,0.37266,0.37266,90
6976,20,2002,20,2002,2002,1969,0.32773,0.32773,91
1848,20,2002,20,2002,2002,1970,0.28277,0.28277,91
6530,20,2002,20,2002,2002,1971,0.29465,0.29465,92
7813,20,2002,20,2002,2002,1972,0.30655,0.30655,92
9909,20,2002,20,2002,2002,1973,0.26133,0.26133,93
6657,20,2002,20,2002,2002,1974,0.21607,0.21607,93
1144,20,2002,20,2002,2002,1975,0.21606,0.21606,94
5646,20,2002,20,2002,2002,1976,0.21606,0.21606,94
1273,20,2002,20,2002,2002,1977,0.20452,0.20452,95
4138,20,2002,20,2002,2002,1978,0.19298,0.19298,95
6896,20,2002,20,2002,2002,1979,0.18367,0.18367,96
7756,20,2002,20,2002,2002,1980,0.17435,0.17435,96
3493,20,2002,20,2002,2002,1981,0.23859,0.23859,97
2399,20,2002,20,2002,2002,1982,0.30289,0.30289,97
2598,20,2002,20,2002,2002,1983,0.30989,0.30989,98
6488,20,2002,20,2002,2002,1984,0.31687,0.31687,98
6875,20,2002,20,2002,2002,1985,0.3272,0.3272,99
4154,20,2002,20,2002,2002,1986,0.3272,0.3272,99
2969,20,2002,20,2002,2002,1987,0.3272,0.3272,100
3021,20,2002,20,2002,2002,1988,0.33752,0.33752,100
308,20,2002,20,2002,2002,1989,0.32205,0.32205,101
8955,20,2002,20,2002,2002,1990,0.30655,0.30655,101
8530,20,2002,20,2002,2002,1991,0.30488,0.30488,102
1926,20,2002,20,2002,2002,1992,0.30321,0.30321,102
4306,20,2002,20,2002,2002,1993,0.34445,0.34445,103
1862,20,2002,20,2002,2002,1994,0.34448,0.34448,103
8385,20,2002,20,2002,2002,1995,0.34448,0.34448,104
9585,20,2002,20,2002,2002,1996,0.34448,0.34448,104
6328,20,2002,20,2002,2002,1997,0.34448,0.34448,105
4065,20,2002,20,2002,2002,1998,0.34448,0.34448,105
8334,20,2002,20,2002,2002,1999,0.34448,0.34448,106
3283,20,2002,20,2002,2002,2000,0.38574,0.38574,106
3854,20,2002,20,2002,2002,2001,0.37131,0.37131,107
7004,20,2002,20,2002,2002,2002,0.3713,0.3713,107
1231,20,2002,20,2002,2002,2003,0.3713,0.3713,108
29,20,2002,20,2002,2002,2004,0.35686,0.35686,108
506,20,2002,20,2002,2002,2005,0.30451,0.30451,109
2425,20,2002,20,2002,2002,2006,0.30448,0.30448,109
1613,20,2002,20,2002,2002,2007,0.30448,0.30448,110
8989,20,2002,20,2002,2002,2008,0.2521,0.2521,110
2311,20,2002,20,2002,2002,2009,0.26261,0.26261,111
5603,20,2002,20,2002,2002,2010,0.26262,0.26262,111
9571,20,2002,20,2002,2002,2011,0.26262,0.26262,112
8957,20,2002,20,2002,2002,2012,0.27314,0.27314,112
1218,20,2002,20,2002,2002,2013,0.2647,0.2647,113
499,20,2002,20,2002,2002,2014,0.26469,0.26469,113
7168,20,2002,20,2002,2002,2015,0.26469,0.26469,114
2198,20,2002,20,2002,2002,2016,0.25624,0.25624,114
1810,20,2002,20,2002,2002,2017,,,115
3383,20,2002,20,2002,2002,2018,,,115
2105,20,2004,20,2004,2004,1940,,,76
8490,20,2004,20,2004,2004,1941,,,77
9417,20,2004,20,2004,2004,1942,,,77
2563,20,2004,20,2004,2004,1943,,,78
6794,20,2004,20,2004,2004,1944,,,78
5807,20,2004,20,2004,2004,1945,,,79
1260,20,2004,20,2004,2004,1946,,,79
7734,20,2004,20,2004,2004,1947,,,80
9869,20,2004,20,2004,2004,1948,,,80
6806,20,2004,20,2004,2004,1949,,,81
1081,20,2004,20,2004,2004,1950,,,81
4605,20,2004,20,2004,2004,1951,,,82
606,20,2004,20,2004,2004,1952,,,82
9457,20,2004,20,2004,2004,1953,,,83
8668,20,2004,20,2004,2004,1954,,,83
592,20,2004,20,2004,2004,1955,,,84
2908,20,2004,20,2004,2004,1956,,,84
5510,20,2004,20,2004,2004,1957,,,85
6233,20,2004,20,2004,2004,1958,,,85
886,20,2004,20,2004,2004,1959,,,86
2128,20,2004,20,2004,2004,1960,,,86
8564,20,2004,20,2004,2004,1961,,,87
875,20,2004,20,2004,2004,1962,,,87
6118,20,2004,20,2004,2004,1963,,,88
2131,20,2004,20,2004,2004,1964,,,88
9878,20,2004,20,2004,2004,1965,,,89
9173,20,2004,20,2004,2004,1966,,,89
4012,20,2004,20,2004,2004,1967,,,90
2198,20,2004,20,2004,2004,1968,,,90
5063,20,2004,20,2004,2004,1969,,,91
3497,20,2004,20,2004,2004,1970,,,91
886,20,2004,20,2004,2004,1971,,,92
538,20,2004,20,2004,2004,1972,,,92
4783,20,2004,20,2004,2004,1973,,,93
8079,20,2004,20,2004,2004,1974,,,93
3022,20,2004,20,2004,2004,1975,,,94
371,20,2004,20,2004,2004,1976,,,94
7604,20,2004,20,2004,2004,1977,,,95
5600,20,2004,20,2004,2004,1978,,,95
7496,20,2004,20,2004,2004,1979,,,96
2476,20,2004,20,2004,2004,1980,,,96
9259,20,2004,20,2004,2004,1981,,,97
4093,20,2004,20,2004,2004,1982,,,97
4588,20,2004,20,2004,2004,1983,,,98
4733,20,2004,20,2004,2004,1984,,,98
6554,20,2004,20,2004,2004,1985,0.70971,0.70971,99
1347,20,2004,20,2004,2004,1986,0.7597,0.7597,99
7476,20,2004,20,2004,2004,1987,0.75971,0.75971,100
6367,20,2004,20,2004,2004,1988,0.75971,0.75971,100
2437,20,2004,20,2004,2004,1989,0.75971,0.75971,101
5210,20,2004,20,2004,2004,1990,0.8097,0.8097,101
7831,20,2004,20,2004,2004,1991,0.81253,0.81253,102
5198,20,2004,20,2004,2004,1992,0.81253,0.81253,102
6745,20,2004,20,2004,2004,1993,0.81253,0.81253,103
4092,20,2004,20,2004,2004,1994,0.81253,0.81253,103
1241,20,2004,20,2004,2004,1995,0.81253,0.81253,104
7806,20,2004,20,2004,2004,1996,0.81535,0.81535,104
5086,20,2004,20,2004,2004,1997,0.85148,0.85148,105
1055,20,2004,20,2004,2004,1998,0.85148,0.85148,105
6795,20,2004,20,2004,2004,1999,0.85148,0.85148,106
8672,20,2004,20,2004,2004,2000,0.85148,0.85148,106
2263,20,2004,20,2004,2004,2001,0.85148,0.85148,107
6427,20,2004,20,2004,2004,2002,0.85148,0.85148,107
8453,20,2004,20,2004,2004,2003,0.85148,0.85148,108
2215,20,2004,20,2004,2004,2004,0.85148,0.85148,108
1961,20,2004,20,2004,2004,2005,0.85148,0.85148,109
5874,20,2004,20,2004,2004,2006,0.88761,0.88761,109
7533,20,2004,20,2004,2004,2007,0.90208,0.90208,110
7212,20,2004,20,2004,2004,2008,0.90208,0.90208,110
5545,20,2004,20,2004,2004,2009,0.90208,0.90208,111
5022,20,2004,20,2004,2004,2010,0.90208,0.90208,111
3139,20,2004,20,2004,2004,2011,0.90208,0.90208,112
2812,20,2004,20,2004,2004,2012,0.90208,0.90208,112
8172,20,2004,20,2004,2004,2013,0.90208,0.90208,113
5916,20,2004,20,2004,2004,2014,0.90208,0.90208,113
4532,20,2004,20,2004,2004,2015,0.90208,0.90208,114
1036,20,2004,20,2004,2004,2016,0.91655,0.91655,114
2825,20,2004,20,2004,2004,2017,,,115
7164,20,2004,20,2004,2004,2018,,,115
2319,21,2101,21,2101,2101,1940,,,76
362,21,2101,21,2101,2101,1941,,,77
433,21,2101,21,2101,2101,1942,,,77
5892,21,2101,21,2101,2101,1943,,,78
1110,21,2101,21,2101,2101,1944,,,78
1778,21,2101,21,2101,2101,1945,,,79
7217,21,2101,21,2101,2101,1946,,,79
1604,21,2101,21,2101,2101,1947,,,80
9565,21,2101,21,2101,2101,1948,,,80
5684,21,2101,21,2101,2101,1949,,,81
1439,21,2101,21,2101,2101,1950,,,81
1108,21,2101,21,2101,2101,1951,,,82
4468,21,2101,21,2101,2101,1952,,,82
2739,21,2101,21,2101,2101,1953,,,83
6479,21,2101,21,2101,2101,1954,,,83
367,21,2101,21,2101,2101,1955,,,84
292,21,2101,21,2101,2101,1956,,,84
1246,21,2101,21,2101,2101,1957,,,85
9430,21,2101,21,2101,2101,1958,,,85
5314,21,2101,21,2101,2101,1959,,,86
4661,21,2101,21,2101,2101,1960,,,86
5660,21,2101,21,2101,2101,1961,,,87
2219,21,2101,21,2101,2101,1962,,,87
8741,21,2101,21,2101,2101,1963,,,88
9041,21,2101,21,2101,2101,1964,,,88
2498,21,2101,21,2101,2101,1965,,,89
2680,21,2101,21,2101,2101,1966,,,89
5962,21,2101,21,2101,2101,1967,,,90
735,21,2101,21,2101,2101,1968,,,90
6116,21,2101,21,2101,2101,1969,,,91
6551,21,2101,21,2101,2101,1970,,,91
6079,21,2101,21,2101,2101,1971,,,92
2746,21,2101,21,2101,2101,1972,,,92
5461,21,2101,21,2101,2101,1973,,,93
9686,21,2101,21,2101,2101,1974,,,93
15,21,2101,21,2101,2101,1975,,,94
9750,21,2101,21,2101,2101,1976,,,94
1948,21,2101,21,2101,2101,1977,,,95
7010,21,2101,21,2101,2101,1978,,,95
6522,21,2101,21,2101,2101,1979,,,96
2903,21,2101,21,2101,2101,1980,,,96
9423,21,2101,21,2101,2101,1981,,,97
3933,21,2101,21,2101,2101,1982,,,97
4468,21,2101,21,2101,2101,1983,,,98
7364,21,2101,21,2101,2101,1984,0.84231,0.84231,98
8475,21,2101,21,2101,2101,1985,0.80967,0.80967,99
3756,21,2101,21,2101,2101,1986,0.82028,0.82028,99
8345,21,2101,21,2101,2101,1987,0.83443,0.83443,100
1107,21,2101,21,2101,2101,1988,0.83456,0.83456,100
1948,21,2101,21,2101,2101,1989,0.86257,0.86257,101
6689,21,2101,21,2101,2101,1990,0.84771,0.84771,101
9388,21,2101,21,2101,2101,1991,0.8582,0.8582,102
1523,21,2101,21,2101,2101,1992,0.84434,0.84434,102
8050,21,2101,21,2101,2101,1993,0.8255,0.8255,103
2585,21,2101,21,2101,2101,1994,0.81898,0.81898,103
1759,21,2101,21,2101,2101,1995,0.829,0.829,104
1367,21,2101,21,2101,2101,1996,0.84243,0.84243,104
2824,21,2101,21,2101,2101,1997,0.84645,0.84645,105
6239,21,2101,21,2101,2101,1998,0.84845,0.84845,105
3506,21,2101,21,2101,2101,1999,0.85702,0.85702,106
3261,21,2101,21,2101,2101,2000,0.86693,0.86693,106
649,21,2101,21,2101,2101,2001,0.86931,0.86931,107
1309,21,2101,21,2101,2101,2002,0.87009,0.87009,107
1697,21,2101,21,2101,2101,2003,0.84705,0.84705,108
9647,21,2101,21,2101,2101,2004,0.81909,0.81909,108
4582,21,2101,21,2101,2101,2005,0.82685,0.82685,109
4328,21,2101,21,2101,2101,2006,0.84211,0.84211,109
8679,21,2101,21,2101,2101,2007,0.84781,0.84781,110
8384,21,2101,21,2101,2101,2008,0.85145,0.85145,110
5979,21,2101,21,2101,2101,2009,0.84676,0.84676,111
8146,21,2101,21,2101,2101,2010,0.84034,0.84034,111
2419,21,2101,21,2101,2101,2011,0.83944,0.83944,112
3096,21,2101,21,2101,2101,2012,0.8397,0.8397,112
8144,21,2101,21,2101,2101,2013,0.83531,0.83531,113
2158,21,2101,21,2101,2101,2014,0.82997,0.82997,113
7709,21,2101,21,2101,2101,2015,0.83583,0.83583,114
7638,21,2101,21,2101,2101,2016,0.84402,0.84402,114
8224,21,2101,21,2101,2101,2017,0.86848,0.86848,115
6754,21,2101,21,2101,2101,2018,0.89625,0.89625,115
9879,21,2105,21,2105,2105,1940,,,76
4366,21,2105,21,2105,2105,1941,,,77
9170,21,2105,21,2105,2105,1942,,,77
3651,21,2105,21,2105,2105,1943,,,78
6836,21,2105,21,2105,2105,1944,,,78
6619,21,2105,21,2105,2105,1945,,,79
5516,21,2105,21,2105,2105,1946,0.77295,0.77295,79
8750,21,2105,21,2105,2105,1947,0.79507,0.79507,80
9121,21,2105,21,2105,2105,1948,0.82368,0.82368,80
1582,21,2105,21,2105,2105,1949,0.84534,0.84534,81
1302,21,2105,21,2105,2105,1950,0.85092,0.85092,81
485,21,2105,21,2105,2105,1951,0.85926,0.85926,82
2271,21,2105,21,2105,2105,1952,0.86727,0.86727,82
3699,21,2105,21,2105,2105,1953,0.85481,0.85481,83
7297,21,2105,21,2105,2105,1954,0.8751,0.8751,83
1332,21,2105,21,2105,2105,1955,0.88094,0.88094,84
6436,21,2105,21,2105,2105,1956,0.8643,0.8643,84
3171,21,2105,21,2105,2105,1957,0.84491,0.84491,85
5770,21,2105,21,2105,2105,1958,0.87719,0.87719,85
4114,21,2105,21,2105,2105,1959,,,86
6815,21,2105,21,2105,2105,1960,,,86
4381,21,2105,21,2105,2105,1961,,,87
8845,21,2105,21,2105,2105,1962,,,87
8052,21,2105,21,2105,2105,1963,,,88
8503,21,2105,21,2105,2105,1964,,,88
8773,21,2105,21,2105,2105,1965,,,89
8214,21,2105,21,2105,2105,1966,,,89
1572,21,2105,21,2105,2105,1967,,,90
4211,21,2105,21,2105,2105,1968,,,90
4406,21,2105,21,2105,2105,1969,,,91
12,21,2105,21,2105,2105,1970,,,91
8808,21,2105,21,2105,2105,1971,,,92
6769,21,2105,21,2105,2105,1972,,,92
2724,21,2105,21,2105,2105,1973,,,93
3596,21,2105,21,2105,2105,1974,,,93
7537,21,2105,21,2105,2105,1975,,,94
116,21,2105,21,2105,2105,1976,,,94
2484,21,2105,21,2105,2105,1977,,,95
1294,21,2105,21,2105,2105,1978,,,95
2987,21,2105,21,2105,2105,1979,,,96
2311,21,2105,21,2105,2105,1980,,,96
3051,21,2105,21,2105,2105,1981,,,97
9487,21,2105,21,2105,2105,1982,,,97
1890,21,2105,21,2105,2105,1983,,,98
7806,21,2105,21,2105,2105,1984,,,98
4682,21,2105,21,2105,2105,1985,,,99
8945,21,2105,21,2105,2105,1986,,,99
8349,21,2105,21,2105,2105,1987,,,100
4284,21,2105,21,2105,2105,1988,,,100
865,21,2105,21,2105,2105,1989,,,101
1010,21,2105,21,2105,2105,1990,,,101
1139,21,2105,21,2105,2105,1991,,,102
3076,21,2105,21,2105,2105,1992,,,102
1219,21,2105,21,2105,2105,1993,,,103
1386,21,2105,21,2105,2105,1994,,,103
9609,21,2105,21,2105,2105,1995,,,104
4477,21,2105,21,2105,2105,1996,,,104
1777,21,2105,21,2105,2105,1997,,,105
8455,21,2105,21,2105,2105,1998,,,105
472,21,2105,21,2105,2105,1999,,,106
5125,21,2105,21,2105,2105,2000,,,106
43,21,2105,21,2105,2105,2001,,,107
4039,21,2105,21,2105,2105,2002,,,107
1608,21,2105,21,2105,2105,2003,,,108
5754,21,2105,21,2105,2105,2004,,,108
6563,21,2105,21,2105,2105,2005,,,109
3496,21,2105,21,2105,2105,2006,,,109
4169,21,2105,21,2105,2105,2007,,,110
2952,21,2105,21,2105,2105,2008,,,110
4669,21,2105,21,2105,2105,2009,,,111
2683,21,2105,21,2105,2105,2010,,,111
2558,21,2105,21,2105,2105,2011,,,112
7694,21,2105,21,2105,2105,2012,,,112
9109,21,2105,21,2105,2105,2013,,,113
4113,21,2105,21,2105,2105,2014,,,113
7274,21,2105,21,2105,2105,2015,,,114
2541,21,2105,21,2105,2105,2016,,,114
3188,21,2105,21,2105,2105,2017,,,115
3273,21,2105,21,2105,2105,2018,,,115
4768,2,,2,,5002,1940,,,76
6476,2,,2,,5002,1941,,,77
94,2,,2,,5002,1942,,,77
6993,2,,2,,5002,1943,,,78
2814,2,,2,,5002,1944,,,78
4438,2,,2,,5002,1945,,,79
5048,2,,2,,5002,1946,,,79
9514,2,,2,,5002,1947,,,80
3143,2,,2,,5002,1948,,,80
2281,2,,2,,5002,1949,,,81
1279,2,,2,,5002,1950,,,81
6541,2,,2,,5002,1951,,,82
7398,2,,2,,5002,1952,,,82
6227,2,,2,,5002,1953,,,83
4425,2,,2,,5002,1954,,,83
1095,2,,2,,5002,1955,,,84
301,2,,2,,5002,1956,,,84
2826,2,,2,,5002,1957,,,85
7204,2,,2,,5002,1958,0.64205,0.64205,85
5196,2,,2,,5002,1959,,,86
4899,2,,2,,5002,1960,0.63979,0.63979,86
7507,2,,2,,5002,1961,0.63662,0.63662,87
4748,2,,2,,5002,1962,0.59122,0.59122,87
4408,2,,2,,5002,1963,0.59744,0.59744,88
1000,2,,2,,5002,1964,0.65037,0.65037,88
4576,2,,2,,5002,1965,0.66986,0.66986,89
2588,2,,2,,5002,1966,0.65271,0.65271,89
2187,2,,2,,5002,1967,0.61995,0.61995,90
132,2,,2,,5002,1968,0.60832,0.60832,90
2620,2,,2,,5002,1969,0.6025,0.6025,91
8340,2,,2,,5002,1970,0.59959,0.59959,91
9446,2,,2,,5002,1971,0.59814,0.59814,92
4078,2,,2,,5002,1972,0.59741,0.59741,92
4836,2,,2,,5002,1973,0.63975,0.63975,93
8772,2,,2,,5002,1974,0.67657,0.67657,93
4075,2,,2,,5002,1975,0.66093,0.66093,94
6682,2,,2,,5002,1976,0.66843,0.66843,94
4920,2,,2,,5002,1977,0.66487,0.66487,95
2341,2,,2,,5002,1978,0.65502,0.65502,95
9151,2,,2,,5002,1979,0.65457,0.65457,96
7018,2,,2,,5002,1980,0.66008,0.66008,96
3976,2,,2,,5002,1981,0.63572,0.63572,97
1542,2,,2,,5002,1982,0.6503,0.6503,97
6918,2,,2,,5002,1983,0.6405,0.6405,98
9800,2,,2,,5002,1984,0.6341,0.6341,98
749,2,,2,,5002,1985,0.61785,0.61785,99
2443,2,,2,,5002,1986,0.64195,0.64195,99
4038,2,,2,,5002,1987,0.62057,0.62057,100
9746,2,,2,,5002,1988,0.62073,0.62073,100
5666,2,,2,,5002,1989,0.64287,0.64287,101
8141,2,,2,,5002,1990,0.6718,0.6718,101
6382,2,,2,,5002,1991,0.6868,0.6868,102
8333,2,,2,,5002,1992,0.71445,0.71445,102
600,2,,2,,5002,1993,0.70698,0.70698,103
4792,2,,2,,5002,1994,0.68432,0.68432,103
4188,2,,2,,5002,1995,0.71438,0.71438,104
6384,2,,2,,5002,1996,0.69312,0.69312,104
6738,2,,2,,5002,1997,0.67504,0.67504,105
748,2,,2,,5002,1998,0.65174,0.65174,105
2586,2,,2,,5002,1999,0.65249,0.65249,106
3745,2,,2,,5002,2000,0.63999,0.63999,106
6503,2,,2,,5002,2001,0.64697,0.64697,107
4556,2,,2,,5002,2002,0.63654,0.63654,107
9005,2,,2,,5002,2003,0.63398,0.63398,108
4061,2,,2,,5002,2004,0.61145,0.61145,108
3843,2,,2,,5002,2005,0.62359,0.62359,109
6536,2,,2,,5002,2006,0.61497,0.61497,109
7009,2,,2,,5002,2007,0.61241,0.61241,110
7407,2,,2,,5002,2008,0.61559,0.61559,110
4841,2,,2,,5002,2009,0.60542,0.60542,111
1585,2,,2,,5002,2010,0.59585,0.59585,111
4883,2,,2,,5002,2011,0.60054,0.60054,112
7393,2,,2,,5002,2012,0.60655,0.60655,112
7918,2,,2,,5002,2013,0.59928,0.59928,113
5545,2,,2,,5002,2014,0.61037,0.61037,113
736,2,,2,,5002,2015,0.62679,0.62679,114
9231,2,,2,,5002,2016,0.62292,0.62292,114
9653,2,,2,,5002,2017,0.64328,0.64328,115
3818,2,,2,,5002,2018,0.64984,0.64984,115
8457,10,0,10,0,1000s,1940,,,76
7195,10,0,10,0,1000s,1941,,,77
4940,10,0,10,0,1000s,1942,,,77
6372,10,0,10,0,1000s,1943,,,78
6227,10,0,10,0,1000s,1944,,,78
9190,10,0,10,0,1000s,1945,,,79
4256,10,0,10,0,1000s,1946,,,79
4827,10,0,10,0,1000s,1947,,,80
8275,10,0,10,0,1000s,1948,,,80
9289,10,0,10,0,1000s,1949,,,81
4202,10,0,10,0,1000s,1950,,,81
2516,10,0,10,0,1000s,1951,,,82
8853,10,0,10,0,1000s,1952,,,82
5323,10,0,10,0,1000s,1953,,,83
8020,10,0,10,0,1000s,1954,,,83
482,10,0,10,0,1000s,1955,,,84
9426,10,0,10,0,1000s,1956,,,84
9602,10,0,10,0,1000s,1957,,,85
2140,10,0,10,0,1000s,1958,,,85
8859,10,0,10,0,1000s,1959,,,86
1574,10,0,10,0,1000s,1960,,,86
4036,10,0,10,0,1000s,1961,,,87
670,10,0,10,0,1000s,1962,,,87
8543,10,0,10,0,1000s,1963,,,88
1464,10,0,10,0,1000s,1964,,,88
6728,10,0,10,0,1000s,1965,,,89
6310,10,0,10,0,1000s,1966,,,89
7613,10,0,10,0,1000s,1967,,,90
9210,10,0,10,0,1000s,1968,,,90
3773,10,0,10,0,1000s,1969,,,91
1975,10,0,10,0,1000s,1970,,,91
3274,10,0,10,0,1000s,1971,,,92
7528,10,0,10,0,1000s,1972,,,92
8333,10,0,10,0,1000s,1973,,,93
8526,10,0,10,0,1000s,1974,,,93
1673,10,0,10,0,1000s,1975,,,94
291,10,0,10,0,1000s,1976,,,94
899,10,0,10,0,1000s,1977,,,95
8181,10,0,10,0,1000s,1978,,,95
4843,10,0,10,0,1000s,1979,,,96
3862,10,0,10,0,1000s,1980,,,96
4482,10,0,10,0,1000s,1981,,,97
172,10,0,10,0,1000s,1982,,,97
8695,10,0,10,0,1000s,1983,,,98
3148,10,0,10,0,1000s,1984,0.73678,0.73678,98
8461,10,0,10,0,1000s,1985,0.69791,0.69791,99
1602,10,0,10,0,1000s,1986,0.67584,0.67584,99
7356,10,0,10,0,1000s,1987,0.68499,0.68499,100
8066,10,0,10,0,1000s,1988,0.72722,0.72722,100
7536,10,0,10,0,1000s,1989,0.76942,0.76942,101
6990,10,0,10,0,1000s,1990,0.79968,0.79968,101
6698,10,0,10,0,1000s,1991,0.78451,0.78451,102
2378,10,0,10,0,1000s,1992,0.78177,0.78177,102
1415,10,0,10,0,1000s,1993,0.77902,0.77902,103
454,10,0,10,0,1000s,1994,0.81405,0.81405,103
1165,10,0,10,0,1000s,1995,0.78644,0.78644,104
3792,10,0,10,0,1000s,1996,0.75885,0.75885,104
586,10,0,10,0,1000s,1997,0.76077,0.76077,105
3134,10,0,10,0,1000s,1998,0.76269,0.76269,105
9676,10,0,10,0,1000s,1999,0.79274,0.79274,106
3177,10,0,10,0,1000s,2000,0.82259,0.82259,106
4372,10,0,10,0,1000s,2001,0.79624,0.79624,107
668,10,0,10,0,1000s,2002,0.76973,0.76973,107
8959,10,0,10,0,1000s,2003,0.77278,0.77278,108
7619,10,0,10,0,1000s,2004,0.77606,0.77606,108
6047,10,0,10,0,1000s,2005,0.79377,0.79377,109
1368,10,0,10,0,1000s,2006,0.81168,0.81168,109
8575,10,0,10,0,1000s,2007,0.83885,0.83885,110
2664,10,0,10,0,1000s,2008,0.8658,0.8658,110
3808,10,0,10,0,1000s,2009,0.8303,0.8303,111
2256,10,0,10,0,1000s,2010,0.79499,0.79499,111
3913,10,0,10,0,1000s,2011,0.78645,0.78645,112
6284,10,0,10,0,1000s,2012,0.77792,0.77792,112
4980,10,0,10,0,1000s,2013,0.79338,0.79338,113
369,10,0,10,0,1000s,2014,0.80885,0.80885,113
6724,10,0,10,0,1000s,2015,0.81108,0.81108,114
2749,10,0,10,0,1000s,2016,0.81332,0.81332,114
3410,10,0,10,0,1000s,2017,0.82017,0.82017,115
6722,10,0,10,0,1000s,2018,0.82703,0.82703,115
6319,1,0,1,0,100s,1940,,,76
6454,1,0,1,0,100s,1941,,,77
233,1,0,1,0,100s,1942,,,77
8178,1,0,1,0,100s,1943,,,78
6331,1,0,1,0,100s,1944,,,78
7919,1,0,1,0,100s,1945,,,79
7036,1,0,1,0,100s,1946,,,79
6279,1,0,1,0,100s,1947,0.60684,0.60684,80
9844,1,0,1,0,100s,1948,0.60972,0.60972,80
8494,1,0,1,0,100s,1949,0.62809,0.62809,81
5017,1,0,1,0,100s,1950,0.61853,0.61853,81
3858,1,0,1,0,100s,1951,0.63572,0.63572,82
5848,1,0,1,0,100s,1952,0.55583,0.55583,82
9095,1,0,1,0,100s,1953,0.55217,0.55217,83
4545,1,0,1,0,100s,1954,0.56827,0.56827,83
3973,1,0,1,0,100s,1955,0.57315,0.57315,84
1756,1,0,1,0,100s,1956,0.59146,0.59146,84
1492,1,0,1,0,100s,1957,0.57217,0.57217,85
8127,1,0,1,0,100s,1958,0.59867,0.59867,85
9842,1,0,1,0,100s,1959,0.62432,0.62432,86
4818,1,0,1,0,100s,1960,0.66921,0.66921,86
1379,1,0,1,0,100s,1961,0.66947,0.66947,87
2355,1,0,1,0,100s,1962,0.66333,0.66333,87
940,1,0,1,0,100s,1963,0.63419,0.63419,88
8230,1,0,1,0,100s,1964,0.6093,0.6093,88
7129,1,0,1,0,100s,1965,0.60427,0.60427,89
6592,1,0,1,0,100s,1966,0.61062,0.61062,89
8084,1,0,1,0,100s,1967,0.60382,0.60382,90
5940,1,0,1,0,100s,1968,0.57418,0.57418,90
215,1,0,1,0,100s,1969,0.53981,0.53981,91
3925,1,0,1,0,100s,1970,0.56967,0.56967,91
8134,1,0,1,0,100s,1971,0.61392,0.61392,92
3441,1,0,1,0,100s,1972,0.63462,0.63462,92
1074,1,0,1,0,100s,1973,0.59064,0.59064,93
2041,1,0,1,0,100s,1974,0.59207,0.59207,93
8437,1,0,1,0,100s,1975,0.57716,0.57716,94
9074,1,0,1,0,100s,1976,0.57741,0.57741,94
508,1,0,1,0,100s,1977,0.56126,0.56126,95
4004,1,0,1,0,100s,1978,0.5557,0.5557,95
204,1,0,1,0,100s,1979,0.53816,0.53816,96
6226,1,0,1,0,100s,1980,0.53323,0.53323,96
7943,1,0,1,0,100s,1981,0.52475,0.52475,97
5652,1,0,1,0,100s,1982,0.53048,0.53048,97
6480,1,0,1,0,100s,1983,0.54984,0.54984,98
6219,1,0,1,0,100s,1984,0.56843,0.56843,98
6536,1,0,1,0,100s,1985,0.57198,0.57198,99
1453,1,0,1,0,100s,1986,0.62078,0.62078,99
3425,1,0,1,0,100s,1987,0.60224,0.60224,100
6656,1,0,1,0,100s,1988,0.61497,0.61497,100
6424,1,0,1,0,100s,1989,0.61139,0.61139,101
3807,1,0,1,0,100s,1990,0.59604,0.59604,101
9405,1,0,1,0,100s,1991,0.60158,0.60158,102
4439,1,0,1,0,100s,1992,0.61196,0.61196,102
8676,1,0,1,0,100s,1993,0.61961,0.61961,103
4864,1,0,1,0,100s,1994,0.59466,0.59466,103
3873,1,0,1,0,100s,1995,0.60841,0.60841,104
8085,1,0,1,0,100s,1996,0.59239,0.59239,104
7014,1,0,1,0,100s,1997,0.60184,0.60184,105
708,1,0,1,0,100s,1998,0.5819,0.5819,105
670,1,0,1,0,100s,1999,0.57845,0.57845,106
6726,1,0,1,0,100s,2000,0.57209,0.57209,106
6103,1,0,1,0,100s,2001,0.57962,0.57962,107
3812,1,0,1,0,100s,2002,0.59186,0.59186,107
6769,1,0,1,0,100s,2003,0.6353,0.6353,108
7674,1,0,1,0,100s,2004,0.63396,0.63396,108
3906,1,0,1,0,100s,2005,0.63871,0.63871,109
4685,1,0,1,0,100s,2006,0.626,0.626,109
8594,1,0,1,0,100s,2007,0.62532,0.62532,110
2688,1,0,1,0,100s,2008,0.63046,0.63046,110
5121,1,0,1,0,100s,2009,0.66506,0.66506,111
6467,1,0,1,0,100s,2010,0.66482,0.66482,111
8712,1,0,1,0,100s,2011,0.67485,0.67485,112
8087,1,0,1,0,100s,2012,0.67767,0.67767,112
1671,1,0,1,0,100s,2013,0.67085,0.67085,113
5296,1,0,1,0,100s,2014,0.65611,0.65611,113
6772,1,0,1,0,100s,2015,0.67401,0.67401,114
6274,1,0,1,0,100s,2016,0.65086,0.65086,114
1825,1,0,1,0,100s,2017,0.647,0.647,115
8632,1,0,1,0,100s,2018,0.64431,0.64431,115
7527,12,0,12,0,1200s,1940,,,76
1790,12,0,12,0,1200s,1941,,,77
7529,12,0,12,0,1200s,1942,,,77
3983,12,0,12,0,1200s,1943,,,78
2178,12,0,12,0,1200s,1944,,,78
7403,12,0,12,0,1200s,1945,,,79
3488,12,0,12,0,1200s,1946,,,79
777,12,0,12,0,1200s,1947,,,80
4352,12,0,12,0,1200s,1948,,,80
6462,12,0,12,0,1200s,1949,,,81
3765,12,0,12,0,1200s,1950,,,81
3335,12,0,12,0,1200s,1951,,,82
3265,12,0,12,0,1200s,1952,,,82
442,12,0,12,0,1200s,1953,0.45774,0.45774,83
3437,12,0,12,0,1200s,1954,0.48831,0.48831,83
8855,12,0,12,0,1200s,1955,0.5036,0.5036,84
818,12,0,12,0,1200s,1956,0.5478,0.5478,84
6188,12,0,12,0,1200s,1957,0.60232,0.60232,85
2728,12,0,12,0,1200s,1958,0.57142,0.57142,85
4751,12,0,12,0,1200s,1959,0.55404,0.55404,86
3439,12,0,12,0,1200s,1960,0.56551,0.56551,86
335,12,0,12,0,1200s,1961,0.51796,0.51796,87
7999,12,0,12,0,1200s,1962,0.49512,0.49512,87
4340,12,0,12,0,1200s,1963,0.47313,0.47313,88
1172,12,0,12,0,1200s,1964,0.52201,0.52201,88
8779,12,0,12,0,1200s,1965,0.5896,0.5896,89
2069,12,0,12,0,1200s,1966,0.66865,0.66865,89
4269,12,0,12,0,1200s,1967,0.62526,0.62526,90
2834,12,0,12,0,1200s,1968,0.56232,0.56232,90
7702,12,0,12,0,1200s,1969,0.56226,0.56226,91
6254,12,0,12,0,1200s,1970,0.59899,0.59899,91
9538,12,0,12,0,1200s,1971,0.58343,0.58343,92
4729,12,0,12,0,1200s,1972,0.57312,0.57312,92
3120,12,0,12,0,1200s,1973,0.55132,0.55132,93
6695,12,0,12,0,1200s,1974,0.53468,0.53468,93
9764,12,0,12,0,1200s,1975,0.53713,0.53713,94
6035,12,0,12,0,1200s,1976,0.53311,0.53311,94
7272,12,0,12,0,1200s,1977,0.52971,0.52971,95
2358,12,0,12,0,1200s,1978,0.51969,0.51969,95
6043,12,0,12,0,1200s,1979,0.53706,0.53706,96
3411,12,0,12,0,1200s,1980,0.53296,0.53296,96
3675,12,0,12,0,1200s,1981,0.49681,0.49681,97
5830,12,0,12,0,1200s,1982,0.50414,0.50414,97
2977,12,0,12,0,1200s,1983,0.47771,0.47771,98
2588,12,0,12,0,1200s,1984,0.48894,0.48894,98
8461,12,0,12,0,1200s,1985,0.48232,0.48232,99
9639,12,0,12,0,1200s,1986,0.47088,0.47088,99
6161,12,0,12,0,1200s,1987,0.48819,0.48819,100
954,12,0,12,0,1200s,1988,0.47002,0.47002,100
6234,12,0,12,0,1200s,1989,0.45697,0.45697,101
3815,12,0,12,0,1200s,1990,0.44689,0.44689,101
6383,12,0,12,0,1200s,1991,0.45439,0.45439,102
1217,12,0,12,0,1200s,1992,0.4536,0.4536,102
7271,12,0,12,0,1200s,1993,0.45714,0.45714,103
108,12,0,12,0,1200s,1994,0.45685,0.45685,103
2041,12,0,12,0,1200s,1995,0.48441,0.48441,104
350,12,0,12,0,1200s,1996,0.47812,0.47812,104
166,12,0,12,0,1200s,1997,0.45701,0.45701,105
7993,12,0,12,0,1200s,1998,0.48253,0.48253,105
3949,12,0,12,0,1200s,1999,0.47263,0.47263,106
9916,12,0,12,0,1200s,2000,0.50078,0.50078,106
5840,12,0,12,0,1200s,2001,0.51169,0.51169,107
9271,12,0,12,0,1200s,2002,0.53974,0.53974,107
8742,12,0,12,0,1200s,2003,0.53881,0.53881,108
2777,12,0,12,0,1200s,2004,0.54077,0.54077,108
9288,12,0,12,0,1200s,2005,0.53606,0.53606,109
8695,12,0,12,0,1200s,2006,0.54086,0.54086,109
8788,12,0,12,0,1200s,2007,0.53779,0.53779,110
5042,12,0,12,0,1200s,2008,0.55207,0.55207,110
9452,12,0,12,0,1200s,2009,0.57716,0.57716,111
8068,12,0,12,0,1200s,2010,0.60309,0.60309,111
2582,12,0,12,0,1200s,2011,0.61438,0.61438,112
4918,12,0,12,0,1200s,2012,0.62132,0.62132,112
1170,12,0,12,0,1200s,2013,0.62529,0.62529,113
9820,12,0,12,0,1200s,2014,0.65275,0.65275,113
9385,12,0,12,0,1200s,2015,0.64433,0.64433,114
8780,12,0,12,0,1200s,2016,0.64743,0.64743,114
1965,12,0,12,0,1200s,2017,0.6491,0.6491,115
7880,12,0,12,0,1200s,2018,0.63812,0.63812,115
2578,13,0,13,0,1300s,1940,,,76
9890,13,0,13,0,1300s,1941,,,77
6713,13,0,13,0,1300s,1942,,,77
7082,13,0,13,0,1300s,1943,,,78
7534,13,0,13,0,1300s,1944,,,78
327,13,0,13,0,1300s,1945,,,79
5149,13,0,13,0,1300s,1946,,,79
159,13,0,13,0,1300s,1947,,,80
4801,13,0,13,0,1300s,1948,,,80
5119,13,0,13,0,1300s,1949,,,81
9963,13,0,13,0,1300s,1950,,,81
8251,13,0,13,0,1300s,1951,,,82
1701,13,0,13,0,1300s,1952,,,82
1475,13,0,13,0,1300s,1953,,,83
5450,13,0,13,0,1300s,1954,,,83
5269,13,0,13,0,1300s,1955,,,84
1024,13,0,13,0,1300s,1956,,,84
7027,13,0,13,0,1300s,1957,,,85
5618,13,0,13,0,1300s,1958,,,85
7200,13,0,13,0,1300s,1959,,,86
6173,13,0,13,0,1300s,1960,,,86
7501,13,0,13,0,1300s,1961,,,87
6789,13,0,13,0,1300s,1962,,,87
3058,13,0,13,0,1300s,1963,,,88
6361,13,0,13,0,1300s,1964,0.54231,0.54231,88
932,13,0,13,0,1300s,1965,0.51452,0.51452,89
7932,13,0,13,0,1300s,1966,0.4798,0.4798,89
6071,13,0,13,0,1300s,1967,0.44263,0.44263,90
5966,13,0,13,0,1300s,1968,0.48278,0.48278,90
2815,13,0,13,0,1300s,1969,0.48169,0.48169,91
9895,13,0,13,0,1300s,1970,0.51073,0.51073,91
5184,13,0,13,0,1300s,1971,0.5189,0.5189,92
4160,13,0,13,0,1300s,1972,0.56635,0.56635,92
5559,13,0,13,0,1300s,1973,0.5474,0.5474,93
6956,13,0,13,0,1300s,1974,0.55797,0.55797,93
7872,13,0,13,0,1300s,1975,0.56561,0.56561,94
6028,13,0,13,0,1300s,1976,0.49605,0.49605,94
4796,13,0,13,0,1300s,1977,0.48084,0.48084,95
7846,13,0,13,0,1300s,1978,0.48431,0.48431,95
2729,13,0,13,0,1300s,1979,0.47463,0.47463,96
5441,13,0,13,0,1300s,1980,0.48403,0.48403,96
4539,13,0,13,0,1300s,1981,0.52036,0.52036,97
5042,13,0,13,0,1300s,1982,0.57287,0.57287,97
7258,13,0,13,0,1300s,1983,0.5701,0.5701,98
3822,13,0,13,0,1300s,1984,0.59103,0.59103,98
6797,13,0,13,0,1300s,1985,0.58635,0.58635,99
7183,13,0,13,0,1300s,1986,0.60811,0.60811,99
4548,13,0,13,0,1300s,1987,0.62357,0.62357,100
2651,13,0,13,0,1300s,1988,0.61581,0.61581,100
2561,13,0,13,0,1300s,1989,0.60951,0.60951,101
2956,13,0,13,0,1300s,1990,0.61618,0.61618,101
8351,13,0,13,0,1300s,1991,0.61912,0.61912,102
7623,13,0,13,0,1300s,1992,0.62906,0.62906,102
8580,13,0,13,0,1300s,1993,0.55871,0.55871,103
8297,13,0,13,0,1300s,1994,0.51108,0.51108,103
4804,13,0,13,0,1300s,1995,0.54244,0.54244,104
370,13,0,13,0,1300s,1996,0.51541,0.51541,104
7742,13,0,13,0,1300s,1997,0.53594,0.53594,105
848,13,0,13,0,1300s,1998,0.53134,0.53134,105
6273,13,0,13,0,1300s,1999,0.5725,0.5725,106
6245,13,0,13,0,1300s,2000,0.55544,0.55544,106
870,13,0,13,0,1300s,2001,0.57244,0.57244,107
5048,13,0,13,0,1300s,2002,0.57783,0.57783,107
8175,13,0,13,0,1300s,2003,0.5972,0.5972,108
5106,13,0,13,0,1300s,2004,0.60463,0.60463,108
8670,13,0,13,0,1300s,2005,0.60844,0.60844,109
8856,13,0,13,0,1300s,2006,0.61112,0.61112,109
4340,13,0,13,0,1300s,2007,0.61587,0.61587,110
725,13,0,13,0,1300s,2008,0.61308,0.61308,110
8848,13,0,13,0,1300s,2009,0.56811,0.56811,111
6137,13,0,13,0,1300s,2010,0.57099,0.57099,111
5373,13,0,13,0,1300s,2011,0.52877,0.52877,112
2662,13,0,13,0,1300s,2012,0.53677,0.53677,112
423,13,0,13,0,1300s,2013,0.52745,0.52745,113
9591,13,0,13,0,1300s,2014,0.5384,0.5384,113
3108,13,0,13,0,1300s,2015,0.56499,0.56499,114
4065,13,0,13,0,1300s,2016,0.58662,0.58662,114
486,13,0,13,0,1300s,2017,0.58318,0.58318,115
628,13,0,13,0,1300s,2018,0.61484,0.61484,115
6669,14,0,14,0,1400s,1940,,,76
5279,14,0,14,0,1400s,1941,,,77
7224,14,0,14,0,1400s,1942,,,77
7640,14,0,14,0,1400s,1943,,,78
871,14,0,14,0,1400s,1944,,,78
2428,14,0,14,0,1400s,1945,,,79
6152,14,0,14,0,1400s,1946,,,79
2415,14,0,14,0,1400s,1947,,,80
2324,14,0,14,0,1400s,1948,,,80
4502,14,0,14,0,1400s,1949,,,81
7122,14,0,14,0,1400s,1950,,,81
3318,14,0,14,0,1400s,1951,,,82
7714,14,0,14,0,1400s,1952,,,82
3823,14,0,14,0,1400s,1953,,,83
5454,14,0,14,0,1400s,1954,,,83
2299,14,0,14,0,1400s,1955,,,84
1373,14,0,14,0,1400s,1956,,,84
4210,14,0,14,0,1400s,1957,,,85
9084,14,0,14,0,1400s,1958,,,85
8015,14,0,14,0,1400s,1959,,,86
8416,14,0,14,0,1400s,1960,,,86
2027,14,0,14,0,1400s,1961,,,87
1267,14,0,14,0,1400s,1962,,,87
3497,14,0,14,0,1400s,1963,,,88
2904,14,0,14,0,1400s,1964,,,88
3509,14,0,14,0,1400s,1965,0.57583,0.57583,89
4806,14,0,14,0,1400s,1966,0.5568,0.5568,89
5796,14,0,14,0,1400s,1967,0.60134,0.60134,90
7790,14,0,14,0,1400s,1968,0.67378,0.67378,90
3934,14,0,14,0,1400s,1969,0.69783,0.69783,91
7605,14,0,14,0,1400s,1970,0.71468,0.71468,91
6060,14,0,14,0,1400s,1971,0.7273,0.7273,92
1687,14,0,14,0,1400s,1972,0.71109,0.71109,92
1270,14,0,14,0,1400s,1973,0.70754,0.70754,93
3433,14,0,14,0,1400s,1974,0.7124,0.7124,93
9050,14,0,14,0,1400s,1975,0.65783,0.65783,94
2540,14,0,14,0,1400s,1976,0.62885,0.62885,94
9546,14,0,14,0,1400s,1977,0.65138,0.65138,95
3544,14,0,14,0,1400s,1978,0.62596,0.62596,95
5046,14,0,14,0,1400s,1979,0.63774,0.63774,96
9182,14,0,14,0,1400s,1980,0.61199,0.61199,96
8332,14,0,14,0,1400s,1981,0.65697,0.65697,97
2169,14,0,14,0,1400s,1982,0.67161,0.67161,97
306,14,0,14,0,1400s,1983,0.67693,0.67693,98
7617,14,0,14,0,1400s,1984,0.71856,0.71856,98
6911,14,0,14,0,1400s,1985,0.68646,0.68646,99
8985,14,0,14,0,1400s,1986,0.68377,0.68377,99
5239,14,0,14,0,1400s,1987,0.71182,0.71182,100
2795,14,0,14,0,1400s,1988,0.74085,0.74085,100
6103,14,0,14,0,1400s,1989,0.7319,0.7319,101
4094,14,0,14,0,1400s,1990,0.76064,0.76064,101
772,14,0,14,0,1400s,1991,0.73784,0.73784,102
1530,14,0,14,0,1400s,1992,0.77214,0.77214,102
2625,14,0,14,0,1400s,1993,0.75978,0.75978,103
7270,14,0,14,0,1400s,1994,0.7492,0.7492,103
2654,14,0,14,0,1400s,1995,0.74259,0.74259,104
241,14,0,14,0,1400s,1996,0.73305,0.73305,104
9756,14,0,14,0,1400s,1997,0.72661,0.72661,105
8740,14,0,14,0,1400s,1998,0.72073,0.72073,105
9439,14,0,14,0,1400s,1999,0.73512,0.73512,106
490,14,0,14,0,1400s,2000,0.75384,0.75384,106
3509,14,0,14,0,1400s,2001,0.72049,0.72049,107
945,14,0,14,0,1400s,2002,0.67518,0.67518,107
1917,14,0,14,0,1400s,2003,0.6813,0.6813,108
5381,14,0,14,0,1400s,2004,0.69153,0.69153,108
2591,14,0,14,0,1400s,2005,0.69608,0.69608,109
4521,14,0,14,0,1400s,2006,0.70465,0.70465,109
6601,14,0,14,0,1400s,2007,0.71188,0.71188,110
9172,14,0,14,0,1400s,2008,0.72127,0.72127,110
5263,14,0,14,0,1400s,2009,0.68741,0.68741,111
8437,14,0,14,0,1400s,2010,0.62935,0.62935,111
3867,14,0,14,0,1400s,2011,0.62682,0.62682,112
2865,14,0,14,0,1400s,2012,0.63231,0.63231,112
5885,14,0,14,0,1400s,2013,0.64569,0.64569,113
4075,14,0,14,0,1400s,2014,0.66645,0.66645,113
6295,14,0,14,0,1400s,2015,0.68628,0.68628,114
3684,14,0,14,0,1400s,2016,0.71405,0.71405,114
7087,14,0,14,0,1400s,2017,0.7252,0.7252,115
9673,14,0,14,0,1400s,2018,0.74285,0.74285,115
7004,15,0,15,0,1500s,1940,,,76
87,15,0,15,0,1500s,1941,,,77
4719,15,0,15,0,1500s,1942,,,77
780,15,0,15,0,1500s,1943,,,78
168,15,0,15,0,1500s,1944,,,78
5004,15,0,15,0,1500s,1945,,,79
6824,15,0,15,0,1500s,1946,0.46759,0.46759,79
8319,15,0,15,0,1500s,1947,0.49515,0.49515,80
3909,15,0,15,0,1500s,1948,0.49982,0.49982,80
3258,15,0,15,0,1500s,1949,0.52593,0.52593,81
8692,15,0,15,0,1500s,1950,0.47682,0.47682,81
7931,15,0,15,0,1500s,1951,0.4704,0.4704,82
1568,15,0,15,0,1500s,1952,0.47003,0.47003,82
2024,15,0,15,0,1500s,1953,0.41635,0.41635,83
3460,15,0,15,0,1500s,1954,0.4206,0.4206,83
9947,15,0,15,0,1500s,1955,0.43949,0.43949,84
1764,15,0,15,0,1500s,1956,0.48595,0.48595,84
7211,15,0,15,0,1500s,1957,0.49495,0.49495,85
1699,15,0,15,0,1500s,1958,0.49689,0.49689,85
3734,15,0,15,0,1500s,1959,0.49738,0.49738,86
2078,15,0,15,0,1500s,1960,0.49752,0.49752,86
5914,15,0,15,0,1500s,1961,0.49756,0.49756,87
1304,15,0,15,0,1500s,1962,0.53454,0.53454,87
5698,15,0,15,0,1500s,1963,0.53588,0.53588,88
4828,15,0,15,0,1500s,1964,0.4752,0.4752,88
1287,15,0,15,0,1500s,1965,0.48913,0.48913,89
4006,15,0,15,0,1500s,1966,0.45577,0.45577,89
6510,15,0,15,0,1500s,1967,0.45905,0.45905,90
7294,15,0,15,0,1500s,1968,0.42957,0.42957,90
5277,15,0,15,0,1500s,1969,0.46222,0.46222,91
1640,15,0,15,0,1500s,1970,0.50377,0.50377,91
1285,15,0,15,0,1500s,1971,0.51153,0.51153,92
6792,15,0,15,0,1500s,1972,0.51312,0.51312,92
9528,15,0,15,0,1500s,1973,0.51348,0.51348,93
6168,15,0,15,0,1500s,1974,0.52523,0.52523,93
3474,15,0,15,0,1500s,1975,0.56803,0.56803,94
1172,15,0,15,0,1500s,1976,0.60196,0.60196,94
9770,15,0,15,0,1500s,1977,0.5503,0.5503,95
5119,15,0,15,0,1500s,1978,0.5056,0.5056,95
1815,15,0,15,0,1500s,1979,0.55646,0.55646,96
5465,15,0,15,0,1500s,1980,0.51145,0.51145,96
9425,15,0,15,0,1500s,1981,0.48382,0.48382,97
321,15,0,15,0,1500s,1982,0.4569,0.4569,97
5053,15,0,15,0,1500s,1983,0.48883,0.48883,98
6684,15,0,15,0,1500s,1984,0.52672,0.52672,98
229,15,0,15,0,1500s,1985,0.52547,0.52547,99
3211,15,0,15,0,1500s,1986,0.53186,0.53186,99
9160,15,0,15,0,1500s,1987,0.55196,0.55196,100
3346,15,0,15,0,1500s,1988,0.58773,0.58773,100
5202,15,0,15,0,1500s,1989,0.64845,0.64845,101
9996,15,0,15,0,1500s,1990,0.62875,0.62875,101
8460,15,0,15,0,1500s,1991,0.61661,0.61661,102
8407,15,0,15,0,1500s,1992,0.58771,0.58771,102
4411,15,0,15,0,1500s,1993,0.53376,0.53376,103
6714,15,0,15,0,1500s,1994,0.55993,0.55993,103
3139,15,0,15,0,1500s,1995,0.54726,0.54726,104
4673,15,0,15,0,1500s,1996,0.5477,0.5477,104
7508,15,0,15,0,1500s,1997,0.55465,0.55465,105
2888,15,0,15,0,1500s,1998,0.53437,0.53437,105
358,15,0,15,0,1500s,1999,0.52917,0.52917,106
4712,15,0,15,0,1500s,2000,0.51774,0.51774,106
4001,15,0,15,0,1500s,2001,0.49598,0.49598,107
2757,15,0,15,0,1500s,2002,0.59241,0.59241,107
1670,15,0,15,0,1500s,2003,0.58419,0.58419,108
5939,15,0,15,0,1500s,2004,0.56621,0.56621,108
4407,15,0,15,0,1500s,2005,0.57037,0.57037,109
872,15,0,15,0,1500s,2006,0.56806,0.56806,109
1648,15,0,15,0,1500s,2007,0.56568,0.56568,110
212,15,0,15,0,1500s,2008,0.58607,0.58607,110
1779,15,0,15,0,1500s,2009,0.57196,0.57196,111
3013,15,0,15,0,1500s,2010,0.5478,0.5478,111
2812,15,0,15,0,1500s,2011,0.52156,0.52156,112
2850,15,0,15,0,1500s,2012,0.50379,0.50379,112
510,15,0,15,0,1500s,2013,0.4854,0.4854,113
1974,15,0,15,0,1500s,2014,0.47476,0.47476,113
5376,15,0,15,0,1500s,2015,0.47953,0.47953,114
5220,15,0,15,0,1500s,2016,0.49573,0.49573,114
3967,15,0,15,0,1500s,2017,0.52667,0.52667,115
5303,15,0,15,0,1500s,2018,0.55135,0.55135,115
5367,16,0,16,0,1600s,1940,,,76
8679,16,0,16,0,1600s,1941,,,77
8712,16,0,16,0,1600s,1942,,,77
6512,16,0,16,0,1600s,1943,,,78
3490,16,0,16,0,1600s,1944,,,78
1478,16,0,16,0,1600s,1945,,,79
1987,16,0,16,0,1600s,1946,,,79
6601,16,0,16,0,1600s,1947,,,80
7471,16,0,16,0,1600s,1948,,,80
1468,16,0,16,0,1600s,1949,,,81
408,16,0,16,0,1600s,1950,,,81
2798,16,0,16,0,1600s,1951,,,82
9983,16,0,16,0,1600s,1952,,,82
2736,16,0,16,0,1600s,1953,,,83
3260,16,0,16,0,1600s,1954,,,83
414,16,0,16,0,1600s,1955,,,84
5151,16,0,16,0,1600s,1956,,,84
5118,16,0,16,0,1600s,1957,,,85
1186,16,0,16,0,1600s,1958,,,85
9012,16,0,16,0,1600s,1959,,,86
9249,16,0,16,0,1600s,1960,0.40673,0.40673,86
5962,16,0,16,0,1600s,1961,0.53699,0.53699,87
5293,16,0,16,0,1600s,1962,0.54741,0.54741,87
7735,16,0,16,0,1600s,1963,0.54825,0.54825,88
8660,16,0,16,0,1600s,1964,0.54831,0.54831,88
3173,16,0,16,0,1600s,1965,0.54832,0.54832,89
8650,16,0,16,0,1600s,1966,0.54832,0.54832,89
7636,16,0,16,0,1600s,1967,0.54832,0.54832,90
9859,16,0,16,0,1600s,1968,0.54832,0.54832,90
8113,16,0,16,0,1600s,1969,0.66754,0.66754,91
9996,16,0,16,0,1600s,1970,0.66544,0.66544,91
103,16,0,16,0,1600s,1971,0.64987,0.64987,92
380,16,0,16,0,1600s,1972,0.58464,0.58464,92
4637,16,0,16,0,1600s,1973,0.64485,0.64485,93
10,16,0,16,0,1600s,1974,0.60791,0.60791,93
1423,16,0,16,0,1600s,1975,0.57067,0.57067,94
7314,16,0,16,0,1600s,1976,0.49917,0.49917,94
333,16,0,16,0,1600s,1977,0.42665,0.42665,95
5247,16,0,16,0,1600s,1978,0.41044,0.41044,95
6107,16,0,16,0,1600s,1979,0.3643,0.3643,96
9326,16,0,16,0,1600s,1980,0.26133,0.26133,96
700,16,0,16,0,1600s,1981,0.24844,0.24844,97
4108,16,0,16,0,1600s,1982,0.50146,0.50146,97
569,16,0,16,0,1600s,1983,0.54198,0.54198,98
993,16,0,16,0,1600s,1984,0.59173,0.59173,98
1997,16,0,16,0,1600s,1985,0.63719,0.63719,99
7076,16,0,16,0,1600s,1986,0.62127,0.62127,99
330,16,0,16,0,1600s,1987,0.61945,0.61945,100
665,16,0,16,0,1600s,1988,0.60898,0.60898,100
3573,16,0,16,0,1600s,1989,0.6372,0.6372,101
7343,16,0,16,0,1600s,1990,0.66154,0.66154,101
102,16,0,16,0,1600s,1991,0.59024,0.59024,102
6971,16,0,16,0,1600s,1992,0.71847,0.71847,102
3349,16,0,16,0,1600s,1993,0.6542,0.6542,103
3583,16,0,16,0,1600s,1994,0.60886,0.60886,103
6602,16,0,16,0,1600s,1995,0.59348,0.59348,104
4840,16,0,16,0,1600s,1996,0.5771,0.5771,104
8565,16,0,16,0,1600s,1997,0.54013,0.54013,105
3253,16,0,16,0,1600s,1998,0.50846,0.50846,105
3699,16,0,16,0,1600s,1999,0.4215,0.4215,106
955,16,0,16,0,1600s,2000,0.39803,0.39803,106
7622,16,0,16,0,1600s,2001,0.31894,0.31894,107
9913,16,0,16,0,1600s,2002,0.34448,0.34448,107
2066,16,0,16,0,1600s,2003,0.36494,0.36494,108
7684,16,0,16,0,1600s,2004,0.38454,0.38454,108
6253,16,0,16,0,1600s,2005,0.42886,0.42886,109
6131,16,0,16,0,1600s,2006,0.43318,0.43318,109
5619,16,0,16,0,1600s,2007,0.54288,0.54288,110
1759,16,0,16,0,1600s,2008,0.47882,0.47882,110
5161,16,0,16,0,1600s,2009,0.47621,0.47621,111
7360,16,0,16,0,1600s,2010,0.44181,0.44181,111
8095,16,0,16,0,1600s,2011,0.52129,0.52129,112
3108,16,0,16,0,1600s,2012,0.47378,0.47378,112
5826,16,0,16,0,1600s,2013,0.48601,0.48601,113
2874,16,0,16,0,1600s,2014,0.46843,0.46843,113
1275,16,0,16,0,1600s,2015,0.43483,0.43483,114
8441,16,0,16,0,1600s,2016,0.44343,0.44343,114
9239,16,0,16,0,1600s,2017,0.4148,0.4148,115
2670,16,0,16,0,1600s,2018,0.40771,0.40771,115
5543,17,0,17,0,1700s,1940,,,76
6080,17,0,17,0,1700s,1941,,,77
8002,17,0,17,0,1700s,1942,,,77
1309,17,0,17,0,1700s,1943,,,78
9456,17,0,17,0,1700s,1944,,,78
27,17,0,17,0,1700s,1945,,,79
4951,17,0,17,0,1700s,1946,,,79
290,17,0,17,0,1700s,1947,,,80
2113,17,0,17,0,1700s,1948,,,80
6136,17,0,17,0,1700s,1949,,,81
5053,17,0,17,0,1700s,1950,,,81
9462,17,0,17,0,1700s,1951,,,82
1170,17,0,17,0,1700s,1952,,,82
8927,17,0,17,0,1700s,1953,,,83
8042,17,0,17,0,1700s,1954,,,83
215,17,0,17,0,1700s,1955,,,84
2905,17,0,17,0,1700s,1956,,,84
5733,17,0,17,0,1700s,1957,,,85
449,17,0,17,0,1700s,1958,,,85
6498,17,0,17,0,1700s,1959,,,86
2798,17,0,17,0,1700s,1960,,,86
2592,17,0,17,0,1700s,1961,,,87
5253,17,0,17,0,1700s,1962,,,87
3533,17,0,17,0,1700s,1963,,,88
2283,17,0,17,0,1700s,1964,,,88
8338,17,0,17,0,1700s,1965,,,89
5620,17,0,17,0,1700s,1966,,,89
3820,17,0,17,0,1700s,1967,,,90
4633,17,0,17,0,1700s,1968,,,90
5560,17,0,17,0,1700s,1969,,,91
3395,17,0,17,0,1700s,1970,,,91
3037,17,0,17,0,1700s,1971,,,92
2324,17,0,17,0,1700s,1972,,,92
7300,17,0,17,0,1700s,1973,0.25059,0.25059,93
8978,17,0,17,0,1700s,1974,0.24959,0.24959,93
177,17,0,17,0,1700s,1975,0.25013,0.25013,94
5571,17,0,17,0,1700s,1976,0.26752,0.26752,94
8556,17,0,17,0,1700s,1977,0.30442,0.30442,95
7646,17,0,17,0,1700s,1978,0.33696,0.33696,95
6598,17,0,17,0,1700s,1979,0.4076,0.4076,96
5699,17,0,17,0,1700s,1980,0.45711,0.45711,96
5607,17,0,17,0,1700s,1981,0.40749,0.40749,97
2474,17,0,17,0,1700s,1982,0.36423,0.36423,97
3840,17,0,17,0,1700s,1983,0.41017,0.41017,98
5737,17,0,17,0,1700s,1984,0.37731,0.37731,98
2472,17,0,17,0,1700s,1985,0.37269,0.37269,99
4811,17,0,17,0,1700s,1986,0.36469,0.36469,99
7699,17,0,17,0,1700s,1987,0.39753,0.39753,100
3801,17,0,17,0,1700s,1988,0.48349,0.48349,100
8579,17,0,17,0,1700s,1989,0.46293,0.46293,101
4927,17,0,17,0,1700s,1990,0.38619,0.38619,101
666,17,0,17,0,1700s,1991,0.40756,0.40756,102
1323,17,0,17,0,1700s,1992,0.39285,0.39285,102
9136,17,0,17,0,1700s,1993,0.32087,0.32087,103
4714,17,0,17,0,1700s,1994,0.3169,0.3169,103
4689,17,0,17,0,1700s,1995,0.34751,0.34751,104
3907,17,0,17,0,1700s,1996,0.36935,0.36935,104
7683,17,0,17,0,1700s,1997,0.37037,0.37037,105
257,17,0,17,0,1700s,1998,0.36925,0.36925,105
8321,17,0,17,0,1700s,1999,0.38627,0.38627,106
8479,17,0,17,0,1700s,2000,0.40186,0.40186,106
2903,17,0,17,0,1700s,2001,0.39883,0.39883,107
4022,17,0,17,0,1700s,2002,0.39686,0.39686,107
1612,17,0,17,0,1700s,2003,0.41032,0.41032,108
5266,17,0,17,0,1700s,2004,0.41704,0.41704,108
3735,17,0,17,0,1700s,2005,0.4465,0.4465,109
2130,17,0,17,0,1700s,2006,0.45806,0.45806,109
607,17,0,17,0,1700s,2007,0.44601,0.44601,110
4946,17,0,17,0,1700s,2008,0.43769,0.43769,110
7173,17,0,17,0,1700s,2009,0.45102,0.45102,111
447,17,0,17,0,1700s,2010,0.4695,0.4695,111
6129,17,0,17,0,1700s,2011,0.52306,0.52306,112
7731,17,0,17,0,1700s,2012,0.56666,0.56666,112
4525,17,0,17,0,1700s,2013,0.60492,0.60492,113
4703,17,0,17,0,1700s,2014,0.62852,0.62852,113
2176,17,0,17,0,1700s,2015,0.63816,0.63816,114
4515,17,0,17,0,1700s,2016,0.63763,0.63763,114
5685,17,0,17,0,1700s,2017,0.66349,0.66349,115
3924,17,0,17,0,1700s,2018,0.67561,0.67561,115
7605,19,0,19,0,1900s,1940,,,76
831,19,0,19,0,1900s,1941,,,77
6577,19,0,19,0,1900s,1942,,,77
3561,19,0,19,0,1900s,1943,,,78
7444,19,0,19,0,1900s,1944,,,78
68,19,0,19,0,1900s,1945,,,79
1081,19,0,19,0,1900s,1946,,,79
6575,19,0,19,0,1900s,1947,,,80
9263,19,0,19,0,1900s,1948,,,80
8698,19,0,19,0,1900s,1949,,,81
8591,19,0,19,0,1900s,1950,,,81
3902,19,0,19,0,1900s,1951,,,82
8763,19,0,19,0,1900s,1952,,,82
3330,19,0,19,0,1900s,1953,,,83
990,19,0,19,0,1900s,1954,,,83
2644,19,0,19,0,1900s,1955,,,84
4799,19,0,19,0,1900s,1956,,,84
661,19,0,19,0,1900s,1957,,,85
2524,19,0,19,0,1900s,1958,,,85
9840,19,0,19,0,1900s,1959,,,86
9314,19,0,19,0,1900s,1960,,,86
750,19,0,19,0,1900s,1961,,,87
2855,19,0,19,0,1900s,1962,,,87
3216,19,0,19,0,1900s,1963,,,88
9189,19,0,19,0,1900s,1964,,,88
4234,19,0,19,0,1900s,1965,,,89
3145,19,0,19,0,1900s,1966,,,89
9284,19,0,19,0,1900s,1967,,,90
5529,19,0,19,0,1900s,1968,,,90
3704,19,0,19,0,1900s,1969,,,91
1498,19,0,19,0,1900s,1970,,,91
5147,19,0,19,0,1900s,1971,,,92
6091,19,0,19,0,1900s,1972,,,92
6089,19,0,19,0,1900s,1973,0.14072,0.14072,93
8300,19,0,19,0,1900s,1974,0.1142,0.1142,93
5806,19,0,19,0,1900s,1975,0.15311,0.15311,94
1324,19,0,19,0,1900s,1976,0.11584,0.11584,94
8552,19,0,19,0,1900s,1977,0.12285,0.12285,95
1233,19,0,19,0,1900s,1978,0.13353,0.13353,95
9187,19,0,19,0,1900s,1979,0.14708,0.14708,96
7908,19,0,19,0,1900s,1980,0.16033,0.16033,96
3904,19,0,19,0,1900s,1981,0.17516,0.17516,97
2408,19,0,19,0,1900s,1982,0.18908,0.18908,97
7648,19,0,19,0,1900s,1983,0.14453,0.14453,98
3936,19,0,19,0,1900s,1984,0.1417,0.1417,98
446,19,0,19,0,1900s,1985,0.20519,0.20519,99
7752,19,0,19,0,1900s,1986,0.18716,0.18716,99
5261,19,0,19,0,1900s,1987,0.21949,0.21949,100
41,19,0,19,0,1900s,1988,0.18182,0.18182,100
5979,19,0,19,0,1900s,1989,0.17517,0.17517,101
7216,19,0,19,0,1900s,1990,0.18517,0.18517,101
530,19,0,19,0,1900s,1991,0.14279,0.14279,102
1833,19,0,19,0,1900s,1992,0.14869,0.14869,102
3816,19,0,19,0,1900s,1993,0.1448,0.1448,103
7975,19,0,19,0,1900s,1994,0.14374,0.14374,103
3767,19,0,19,0,1900s,1995,0.14306,0.14306,104
2528,19,0,19,0,1900s,1996,0.14311,0.14311,104
1326,19,0,19,0,1900s,1997,0.17683,0.17683,105
8450,19,0,19,0,1900s,1998,0.21647,0.21647,105
8976,19,0,19,0,1900s,1999,0.24989,0.24989,106
8166,19,0,19,0,1900s,2000,0.27624,0.27624,106
4989,19,0,19,0,1900s,2001,0.2749,0.2749,107
7159,19,0,19,0,1900s,2002,0.26127,0.26127,107
6458,19,0,19,0,1900s,2003,0.30509,0.30509,108
3425,19,0,19,0,1900s,2004,0.33843,0.33843,108
3557,19,0,19,0,1900s,2005,0.36438,0.36438,109
1408,19,0,19,0,1900s,2006,0.38281,0.38281,109
8126,19,0,19,0,1900s,2007,0.40789,0.40789,110
2960,19,0,19,0,1900s,2008,0.37297,0.37297,110
2062,19,0,19,0,1900s,2009,0.2962,0.2962,111
6988,19,0,19,0,1900s,2010,0.27384,0.27384,111
7526,19,0,19,0,1900s,2011,0.20735,0.20735,112
5641,19,0,19,0,1900s,2012,0.22261,0.22261,112
9199,19,0,19,0,1900s,2013,0.26167,0.26167,113
5722,19,0,19,0,1900s,2014,0.20323,0.20323,113
6509,19,0,19,0,1900s,2015,0.24579,0.24579,114
8409,19,0,19,0,1900s,2016,0.29923,0.29923,114
857,19,0,19,0,1900s,2017,0.40022,0.40022,115
787,19,0,19,0,1900s,2018,0.50243,0.50243,115
432,20,0,20,0,2000s,1940,,,76
4536,20,0,20,0,2000s,1941,,,77
745,20,0,20,0,2000s,1942,,,77
1870,20,0,20,0,2000s,1943,,,78
616,20,0,20,0,2000s,1944,,,78
8841,20,0,20,0,2000s,1945,,,79
2028,20,0,20,0,2000s,1946,,,79
297,20,0,20,0,2000s,1947,,,80
6650,20,0,20,0,2000s,1948,,,80
4443,20,0,20,0,2000s,1949,,,81
9070,20,0,20,0,2000s,1950,,,81
2635,20,0,20,0,2000s,1951,,,82
340,20,0,20,0,2000s,1952,,,82
7876,20,0,20,0,2000s,1953,,,83
5725,20,0,20,0,2000s,1954,,,83
7464,20,0,20,0,2000s,1955,,,84
171,20,0,20,0,2000s,1956,,,84
9607,20,0,20,0,2000s,1957,,,85
2252,20,0,20,0,2000s,1958,0.54802,0.54802,85
5953,20,0,20,0,2000s,1959,0.54153,0.54153,86
1684,20,0,20,0,2000s,1960,0.53969,0.53969,86
6880,20,0,20,0,2000s,1961,0.53917,0.53917,87
3282,20,0,20,0,2000s,1962,0.53902,0.53902,87
5769,20,0,20,0,2000s,1963,0.53898,0.53898,88
7549,20,0,20,0,2000s,1964,0.53435,0.53435,88
3762,20,0,20,0,2000s,1965,0.50619,0.50619,89
1897,20,0,20,0,2000s,1966,0.47456,0.47456,89
4635,20,0,20,0,2000s,1967,0.4664,0.4664,90
5442,20,0,20,0,2000s,1968,0.4652,0.4652,90
379,20,0,20,0,2000s,1969,0.45731,0.45731,91
783,20,0,20,0,2000s,1970,0.45477,0.45477,91
1271,20,0,20,0,2000s,1971,0.45131,0.45131,92
4427,20,0,20,0,2000s,1972,0.44231,0.44231,92
1355,20,0,20,0,2000s,1973,0.41971,0.41971,93
7216,20,0,20,0,2000s,1974,0.39676,0.39676,93
7099,20,0,20,0,2000s,1975,0.43271,0.43271,94
2932,20,0,20,0,2000s,1976,0.41738,0.41738,94
5755,20,0,20,0,2000s,1977,0.40302,0.40302,95
2867,20,0,20,0,2000s,1978,0.39308,0.39308,95
3603,20,0,20,0,2000s,1979,0.37318,0.37318,96
9037,20,0,20,0,2000s,1980,0.36349,0.36349,96
1418,20,0,20,0,2000s,1981,0.36708,0.36708,97
4532,20,0,20,0,2000s,1982,0.39309,0.39309,97
6204,20,0,20,0,2000s,1983,0.34002,0.34002,98
3695,20,0,20,0,2000s,1984,0.39221,0.39221,98
4905,20,0,20,0,2000s,1985,0.38102,0.38102,99
8426,20,0,20,0,2000s,1986,0.40582,0.40582,99
8844,20,0,20,0,2000s,1987,0.45391,0.45391,100
3033,20,0,20,0,2000s,1988,0.44017,0.44017,100
2201,20,0,20,0,2000s,1989,0.44245,0.44245,101
5430,20,0,20,0,2000s,1990,0.43445,0.43445,101
1690,20,0,20,0,2000s,1991,0.4439,0.4439,102
75,20,0,20,0,2000s,1992,0.42803,0.42803,102
752,20,0,20,0,2000s,1993,0.38929,0.38929,103
9920,20,0,20,0,2000s,1994,0.36554,0.36554,103
522,20,0,20,0,2000s,1995,0.3187,0.3187,104
5535,20,0,20,0,2000s,1996,0.33202,0.33202,104
9376,20,0,20,0,2000s,1997,0.3232,0.3232,105
9463,20,0,20,0,2000s,1998,0.34334,0.34334,105
2459,20,0,20,0,2000s,1999,0.3821,0.3821,106
6342,20,0,20,0,2000s,2000,0.37924,0.37924,106
1576,20,0,20,0,2000s,2001,0.38921,0.38921,107
5915,20,0,20,0,2000s,2002,0.42034,0.42034,107
3628,20,0,20,0,2000s,2003,0.41709,0.41709,108
7973,20,0,20,0,2000s,2004,0.41913,0.41913,108
5378,20,0,20,0,2000s,2005,0.41915,0.41915,109
4538,20,0,20,0,2000s,2006,0.42644,0.42644,109
1154,20,0,20,0,2000s,2007,0.426,0.426,110
7576,20,0,20,0,2000s,2008,0.42686,0.42686,110
7796,20,0,20,0,2000s,2009,0.4156,0.4156,111
6566,20,0,20,0,2000s,2010,0.38837,0.38837,111
5813,20,0,20,0,2000s,2011,0.389,0.389,112
2479,20,0,20,0,2000s,2012,0.38604,0.38604,112
7031,20,0,20,0,2000s,2013,0.38405,0.38405,113
9398,20,0,20,0,2000s,2014,0.37289,0.37289,113
7722,20,0,20,0,2000s,2015,0.38817,0.38817,114
1299,20,0,20,0,2000s,2016,0.40307,0.40307,114
7316,20,0,20,0,2000s,2017,0.44781,0.44781,115
2088,20,0,20,0,2000s,2018,0.46176,0.46176,115
1731,2,0,2,0,200s,1940,,,76
9461,2,0,2,0,200s,1941,,,77
2176,2,0,2,0,200s,1942,,,77
4080,2,0,2,0,200s,1943,0.42638,0.42638,78
1428,2,0,2,0,200s,1944,0.42864,0.42864,78
3196,2,0,2,0,200s,1945,0.42977,0.42977,79
4900,2,0,2,0,200s,1946,0.43404,0.43404,79
9907,2,0,2,0,200s,1947,0.43668,0.43668,80
3040,2,0,2,0,200s,1948,0.47211,0.47211,80
9252,2,0,2,0,200s,1949,0.52072,0.52072,81
7987,2,0,2,0,200s,1950,0.53965,0.53965,81
6426,2,0,2,0,200s,1951,0.53165,0.53165,82
415,2,0,2,0,200s,1952,0.56234,0.56234,82
6872,2,0,2,0,200s,1953,0.5769,0.5769,83
1445,2,0,2,0,200s,1954,0.57888,0.57888,83
5068,2,0,2,0,200s,1955,0.60417,0.60417,84
7013,2,0,2,0,200s,1956,0.57101,0.57101,84
5000,2,0,2,0,200s,1957,0.56673,0.56673,85
6110,2,0,2,0,200s,1958,0.60408,0.60408,85
7992,2,0,2,0,200s,1959,0.62597,0.62597,86
5647,2,0,2,0,200s,1960,0.64544,0.64544,86
5021,2,0,2,0,200s,1961,0.6405,0.6405,87
1378,2,0,2,0,200s,1962,0.59154,0.59154,87
4023,2,0,2,0,200s,1963,0.58487,0.58487,88
6662,2,0,2,0,200s,1964,0.6268,0.6268,88
6604,2,0,2,0,200s,1965,0.62704,0.62704,89
6960,2,0,2,0,200s,1966,0.5747,0.5747,89
2463,2,0,2,0,200s,1967,0.59892,0.59892,90
6757,2,0,2,0,200s,1968,0.61659,0.61659,90
3142,2,0,2,0,200s,1969,0.6094,0.6094,91
5080,2,0,2,0,200s,1970,0.61891,0.61891,91
9483,2,0,2,0,200s,1971,0.65385,0.65385,92
8305,2,0,2,0,200s,1972,0.62825,0.62825,92
5657,2,0,2,0,200s,1973,0.63475,0.63475,93
6587,2,0,2,0,200s,1974,0.63551,0.63551,93
2641,2,0,2,0,200s,1975,0.60571,0.60571,94
8374,2,0,2,0,200s,1976,0.60879,0.60879,94
2918,2,0,2,0,200s,1977,0.60657,0.60657,95
4659,2,0,2,0,200s,1978,0.58994,0.58994,95
3911,2,0,2,0,200s,1979,0.55423,0.55423,96
2705,2,0,2,0,200s,1980,0.56346,0.56346,96
1006,2,0,2,0,200s,1981,0.52151,0.52151,97
123,2,0,2,0,200s,1982,0.55265,0.55265,97
3076,2,0,2,0,200s,1983,0.55793,0.55793,98
4215,2,0,2,0,200s,1984,0.55184,0.55184,98
7345,2,0,2,0,200s,1985,0.53639,0.53639,99
2740,2,0,2,0,200s,1986,0.5454,0.5454,99
6756,2,0,2,0,200s,1987,0.53116,0.53116,100
7212,2,0,2,0,200s,1988,0.52671,0.52671,100
3278,2,0,2,0,200s,1989,0.54065,0.54065,101
1237,2,0,2,0,200s,1990,0.55804,0.55804,101
8145,2,0,2,0,200s,1991,0.56596,0.56596,102
1140,2,0,2,0,200s,1992,0.56417,0.56417,102
897,2,0,2,0,200s,1993,0.56637,0.56637,103
6418,2,0,2,0,200s,1994,0.55287,0.55287,103
4836,2,0,2,0,200s,1995,0.57569,0.57569,104
8052,2,0,2,0,200s,1996,0.56314,0.56314,104
3866,2,0,2,0,200s,1997,0.5451,0.5451,105
9317,2,0,2,0,200s,1998,0.52916,0.52916,105
7625,2,0,2,0,200s,1999,0.52875,0.52875,106
3802,2,0,2,0,200s,2000,0.52221,0.52221,106
9699,2,0,2,0,200s,2001,0.52989,0.52989,107
7649,2,0,2,0,200s,2002,0.52262,0.52262,107
173,2,0,2,0,200s,2003,0.52147,0.52147,108
3525,2,0,2,0,200s,2004,0.51654,0.51654,108
5586,2,0,2,0,200s,2005,0.52147,0.52147,109
1388,2,0,2,0,200s,2006,0.50817,0.50817,109
5105,2,0,2,0,200s,2007,0.50455,0.50455,110
920,2,0,2,0,200s,2008,0.5003,0.5003,110
2871,2,0,2,0,200s,2009,0.49299,0.49299,111
8104,2,0,2,0,200s,2010,0.4869,0.4869,111
2150,2,0,2,0,200s,2011,0.47991,0.47991,112
2854,2,0,2,0,200s,2012,0.47151,0.47151,112
8993,2,0,2,0,200s,2013,0.46554,0.46554,113
2874,2,0,2,0,200s,2014,0.46497,0.46497,113
7889,2,0,2,0,200s,2015,0.46223,0.46223,114
7660,2,0,2,0,200s,2016,0.44861,0.44861,114
6422,2,0,2,0,200s,2017,0.45396,0.45396,115
4516,2,0,2,0,200s,2018,0.44952,0.44952,115
1868,21,0,21,0,2100s,1940,,,76
5194,21,0,21,0,2100s,1941,,,77
2072,21,0,21,0,2100s,1942,,,77
9459,21,0,21,0,2100s,1943,,,78
4477,21,0,21,0,2100s,1944,,,78
3450,21,0,21,0,2100s,1945,,,79
4875,21,0,21,0,2100s,1946,0.75408,0.75408,79
4143,21,0,21,0,2100s,1947,0.77189,0.77189,80
3234,21,0,21,0,2100s,1948,0.79699,0.79699,80
4922,21,0,21,0,2100s,1949,0.81637,0.81637,81
1052,21,0,21,0,2100s,1950,0.82168,0.82168,81
2184,21,0,21,0,2100s,1951,0.82887,0.82887,82
6797,21,0,21,0,2100s,1952,0.83611,0.83611,82
4207,21,0,21,0,2100s,1953,0.82655,0.82655,83
7848,21,0,21,0,2100s,1954,0.84265,0.84265,83
8719,21,0,21,0,2100s,1955,0.84845,0.84845,84
5427,21,0,21,0,2100s,1956,0.83554,0.83554,84
5595,21,0,21,0,2100s,1957,0.8187,0.8187,85
4862,21,0,21,0,2100s,1958,0.84443,0.84443,85
8495,21,0,21,0,2100s,1959,0.84917,0.84917,86
2674,21,0,21,0,2100s,1960,0.85005,0.85005,86
1613,21,0,21,0,2100s,1961,0.85021,0.85021,87
611,21,0,21,0,2100s,1962,0.85024,0.85024,87
8728,21,0,21,0,2100s,1963,0.85024,0.85024,88
5983,21,0,21,0,2100s,1964,0.85024,0.85024,88
2572,21,0,21,0,2100s,1965,0.85024,0.85024,89
1284,21,0,21,0,2100s,1966,0.85024,0.85024,89
1953,21,0,21,0,2100s,1967,0.85024,0.85024,90
5410,21,0,21,0,2100s,1968,0.85024,0.85024,90
423,21,0,21,0,2100s,1969,0.85024,0.85024,91
6223,21,0,21,0,2100s,1970,0.85024,0.85024,91
1930,21,0,21,0,2100s,1971,0.85024,0.85024,92
233,21,0,21,0,2100s,1972,0.85024,0.85024,92
7178,21,0,21,0,2100s,1973,0.85024,0.85024,93
9940,21,0,21,0,2100s,1974,0.85024,0.85024,93
374,21,0,21,0,2100s,1975,0.85024,0.85024,94
5653,21,0,21,0,2100s,1976,0.85024,0.85024,94
6769,21,0,21,0,2100s,1977,0.85024,0.85024,95
6704,21,0,21,0,2100s,1978,0.85024,0.85024,95
101,21,0,21,0,2100s,1979,0.85024,0.85024,96
9530,21,0,21,0,2100s,1980,0.85024,0.85024,96
129,21,0,21,0,2100s,1981,0.85024,0.85024,97
2785,21,0,21,0,2100s,1982,0.85024,0.85024,97
7325,21,0,21,0,2100s,1983,0.85024,0.85024,98
7201,21,0,21,0,2100s,1984,0.85024,0.85024,98
1104,21,0,21,0,2100s,1985,0.80061,0.80061,99
7617,21,0,21,0,2100s,1986,0.81772,0.81772,99
3470,21,0,21,0,2100s,1987,0.8391,0.8391,100
4375,21,0,21,0,2100s,1988,0.83885,0.83885,100
3381,21,0,21,0,2100s,1989,0.88136,0.88136,101
9931,21,0,21,0,2100s,1990,0.85791,0.85791,101
9566,21,0,21,0,2100s,1991,0.87413,0.87413,102
430,21,0,21,0,2100s,1992,0.853,0.853,102
3717,21,0,21,0,2100s,1993,0.82435,0.82435,103
626,21,0,21,0,2100s,1994,0.81517,0.81517,103
1288,21,0,21,0,2100s,1995,0.83063,0.83063,104
2240,21,0,21,0,2100s,1996,0.85109,0.85109,104
7380,21,0,21,0,2100s,1997,0.85667,0.85667,105
5572,21,0,21,0,2100s,1998,0.85951,0.85951,105
4612,21,0,21,0,2100s,1999,0.87232,0.87232,106
9048,21,0,21,0,2100s,2000,0.88728,0.88728,106
7327,21,0,21,0,2100s,2001,0.8905,0.8905,107
4650,21,0,21,0,2100s,2002,0.89153,0.89153,107
2162,21,0,21,0,2100s,2003,0.85671,0.85671,108
4672,21,0,21,0,2100s,2004,0.81435,0.81435,108
7467,21,0,21,0,2100s,2005,0.82709,0.82709,109
5808,21,0,21,0,2100s,2006,0.85064,0.85064,109
2609,21,0,21,0,2100s,2007,0.85874,0.85874,110
2357,21,0,21,0,2100s,2008,0.86404,0.86404,110
4532,21,0,21,0,2100s,2009,0.8568,0.8568,111
737,21,0,21,0,2100s,2010,0.847,0.847,111
7828,21,0,21,0,2100s,2011,0.84586,0.84586,112
3373,21,0,21,0,2100s,2012,0.84636,0.84636,112
9263,21,0,21,0,2100s,2013,0.83975,0.83975,113
8466,21,0,21,0,2100s,2014,0.83166,0.83166,113
6704,21,0,21,0,2100s,2015,0.84069,0.84069,114
3746,21,0,21,0,2100s,2016,0.85318,0.85318,114
8897,21,0,21,0,2100s,2017,0.8898,0.8898,115
3818,21,0,21,0,2100s,2018,0.93173,0.93173,115
7223,3,0,3,0,300s,1940,,,76
7808,3,0,3,0,300s,1941,,,77
3112,3,0,3,0,300s,1942,,,77
9531,3,0,3,0,300s,1943,,,78
7961,3,0,3,0,300s,1944,,,78
6334,3,0,3,0,300s,1945,,,79
5321,3,0,3,0,300s,1946,,,79
7713,3,0,3,0,300s,1947,,,80
4413,3,0,3,0,300s,1948,,,80
3828,3,0,3,0,300s,1949,,,81
3128,3,0,3,0,300s,1950,,,81
6876,3,0,3,0,300s,1951,,,82
7531,3,0,3,0,300s,1952,,,82
1178,3,0,3,0,300s,1953,,,83
3904,3,0,3,0,300s,1954,,,83
4683,3,0,3,0,300s,1955,,,84
326,3,0,3,0,300s,1956,0.61911,0.61911,84
6226,3,0,3,0,300s,1957,0.66705,0.66705,85
9690,3,0,3,0,300s,1958,0.6704,0.6704,85
6396,3,0,3,0,300s,1959,0.67064,0.67064,86
8840,3,0,3,0,300s,1960,0.71571,0.71571,86
5788,3,0,3,0,300s,1961,0.70365,0.70365,87
7857,3,0,3,0,300s,1962,0.68439,0.68439,87
4771,3,0,3,0,300s,1963,0.68088,0.68088,88
8912,3,0,3,0,300s,1964,0.68021,0.68021,88
2053,3,0,3,0,300s,1965,0.70666,0.70666,89
9552,3,0,3,0,300s,1966,0.67942,0.67942,89
3634,3,0,3,0,300s,1967,0.70934,0.70934,90
6192,3,0,3,0,300s,1968,0.74781,0.74781,90
5067,3,0,3,0,300s,1969,0.77463,0.77463,91
1592,3,0,3,0,300s,1970,0.7867,0.7867,91
7642,3,0,3,0,300s,1971,0.78626,0.78626,92
4624,3,0,3,0,300s,1972,0.78987,0.78987,92
367,3,0,3,0,300s,1973,0.7743,0.7743,93
2884,3,0,3,0,300s,1974,0.77456,0.77456,93
2971,3,0,3,0,300s,1975,0.73243,0.73243,94
2122,3,0,3,0,300s,1976,0.72928,0.72928,94
8509,3,0,3,0,300s,1977,0.71901,0.71901,95
2077,3,0,3,0,300s,1978,0.70703,0.70703,95
4940,3,0,3,0,300s,1979,0.70392,0.70392,96
892,3,0,3,0,300s,1980,0.69273,0.69273,96
2330,3,0,3,0,300s,1981,0.6991,0.6991,97
7236,3,0,3,0,300s,1982,0.71207,0.71207,97
4439,3,0,3,0,300s,1983,0.73498,0.73498,98
145,3,0,3,0,300s,1984,0.73499,0.73499,98
9776,3,0,3,0,300s,1985,0.75654,0.75654,99
8314,3,0,3,0,300s,1986,0.7649,0.7649,99
1715,3,0,3,0,300s,1987,0.79568,0.79568,100
6968,3,0,3,0,300s,1988,0.79013,0.79013,100
8689,3,0,3,0,300s,1989,0.79302,0.79302,101
3699,3,0,3,0,300s,1990,0.79761,0.79761,101
2062,3,0,3,0,300s,1991,0.78801,0.78801,102
2664,3,0,3,0,300s,1992,0.84204,0.84204,102
6384,3,0,3,0,300s,1993,0.75494,0.75494,103
4350,3,0,3,0,300s,1994,0.71365,0.71365,103
2414,3,0,3,0,300s,1995,0.69263,0.69263,104
3130,3,0,3,0,300s,1996,0.71035,0.71035,104
700,3,0,3,0,300s,1997,0.72258,0.72258,105
5808,3,0,3,0,300s,1998,0.73305,0.73305,105
1130,3,0,3,0,300s,1999,0.74384,0.74384,106
2713,3,0,3,0,300s,2000,0.75973,0.75973,106
6995,3,0,3,0,300s,2001,0.75086,0.75086,107
1270,3,0,3,0,300s,2002,0.75642,0.75642,107
770,3,0,3,0,300s,2003,0.74054,0.74054,108
1985,3,0,3,0,300s,2004,0.75213,0.75213,108
5188,3,0,3,0,300s,2005,0.7452,0.7452,109
6756,3,0,3,0,300s,2006,0.76007,0.76007,109
3870,3,0,3,0,300s,2007,0.76082,0.76082,110
2928,3,0,3,0,300s,2008,0.73821,0.73821,110
6485,3,0,3,0,300s,2009,0.68393,0.68393,111
1178,3,0,3,0,300s,2010,0.65648,0.65648,111
2035,3,0,3,0,300s,2011,0.70104,0.70104,112
4611,3,0,3,0,300s,2012,0.66804,0.66804,112
684,3,0,3,0,300s,2013,0.65304,0.65304,113
4088,3,0,3,0,300s,2014,0.64552,0.64552,113
4612,3,0,3,0,300s,2015,0.71003,0.71003,114
4089,3,0,3,0,300s,2016,0.70869,0.70869,114
5601,3,0,3,0,300s,2017,0.74749,0.74749,115
5421,3,0,3,0,300s,2018,0.76856,0.76856,115
8761,5,0,5,0,500s,1940,0.58733,0.58733,76
5441,5,0,5,0,500s,1941,0.59517,0.59517,77
6277,5,0,5,0,500s,1942,0.59849,0.59849,77
801,5,0,5,0,500s,1943,0.59989,0.59989,78
7255,5,0,5,0,500s,1944,0.60048,0.60048,78
564,5,0,5,0,500s,1945,0.57195,0.57195,79
3305,5,0,5,0,500s,1946,0.54672,0.54672,79
614,5,0,5,0,500s,1947,0.57763,0.57763,80
8112,5,0,5,0,500s,1948,0.61179,0.61179,80
3560,5,0,5,0,500s,1949,0.62569,0.62569,81
3754,5,0,5,0,500s,1950,0.65575,0.65575,81
1719,5,0,5,0,500s,1951,0.67063,0.67063,82
8296,5,0,5,0,500s,1952,0.66925,0.66925,82
1716,5,0,5,0,500s,1953,0.66917,0.66917,83
4535,5,0,5,0,500s,1954,0.67197,0.67197,83
8983,5,0,5,0,500s,1955,0.66881,0.66881,84
6849,5,0,5,0,500s,1956,0.66227,0.66227,84
9072,5,0,5,0,500s,1957,0.66654,0.66654,85
6239,5,0,5,0,500s,1958,0.63387,0.63387,85
3821,5,0,5,0,500s,1959,0.6525,0.6525,86
6667,5,0,5,0,500s,1960,0.63267,0.63267,86
6820,5,0,5,0,500s,1961,0.6348,0.6348,87
9346,5,0,5,0,500s,1962,0.62157,0.62157,87
2076,5,0,5,0,500s,1963,0.6256,0.6256,88
6852,5,0,5,0,500s,1964,0.59884,0.59884,88
877,5,0,5,0,500s,1965,0.60266,0.60266,89
7937,5,0,5,0,500s,1966,0.54435,0.54435,89
3361,5,0,5,0,500s,1967,0.58784,0.58784,90
6015,5,0,5,0,500s,1968,0.52262,0.52262,90
7734,5,0,5,0,500s,1969,0.52808,0.52808,91
2498,5,0,5,0,500s,1970,0.56408,0.56408,91
5951,5,0,5,0,500s,1971,0.57911,0.57911,92
3548,5,0,5,0,500s,1972,0.58445,0.58445,92
3355,5,0,5,0,500s,1973,0.56058,0.56058,93
6793,5,0,5,0,500s,1974,0.52936,0.52936,93
506,5,0,5,0,500s,1975,0.52658,0.52658,94
3293,5,0,5,0,500s,1976,0.52581,0.52581,94
2445,5,0,5,0,500s,1977,0.56416,0.56416,95
8688,5,0,5,0,500s,1978,0.55946,0.55946,95
7382,5,0,5,0,500s,1979,0.56288,0.56288,96
5318,5,0,5,0,500s,1980,0.55657,0.55657,96
9087,5,0,5,0,500s,1981,0.55268,0.55268,97
8970,5,0,5,0,500s,1982,0.54706,0.54706,97
6836,5,0,5,0,500s,1983,0.53728,0.53728,98
588,5,0,5,0,500s,1984,0.54036,0.54036,98
9962,5,0,5,0,500s,1985,0.56227,0.56227,99
2983,5,0,5,0,500s,1986,0.54789,0.54789,99
131,5,0,5,0,500s,1987,0.58706,0.58706,100
1376,5,0,5,0,500s,1988,0.60387,0.60387,100
8775,5,0,5,0,500s,1989,0.67728,0.67728,101
669,5,0,5,0,500s,1990,0.67154,0.67154,101
7345,5,0,5,0,500s,1991,0.68174,0.68174,102
6021,5,0,5,0,500s,1992,0.64671,0.64671,102
3341,5,0,5,0,500s,1993,0.63167,0.63167,103
3249,5,0,5,0,500s,1994,0.62523,0.62523,103
7094,5,0,5,0,500s,1995,0.5874,0.5874,104
7349,5,0,5,0,500s,1996,0.59396,0.59396,104
9730,5,0,5,0,500s,1997,0.57731,0.57731,105
3601,5,0,5,0,500s,1998,0.57107,0.57107,105
6225,5,0,5,0,500s,1999,0.58266,0.58266,106
1157,5,0,5,0,500s,2000,0.55955,0.55955,106
775,5,0,5,0,500s,2001,0.56944,0.56944,107
8480,5,0,5,0,500s,2002,0.58066,0.58066,107
7003,5,0,5,0,500s,2003,0.59066,0.59066,108
2707,5,0,5,0,500s,2004,0.58241,0.58241,108
1325,5,0,5,0,500s,2005,0.57807,0.57807,109
6617,5,0,5,0,500s,2006,0.58269,0.58269,109
7339,5,0,5,0,500s,2007,0.58134,0.58134,110
3199,5,0,5,0,500s,2008,0.58659,0.58659,110
3923,5,0,5,0,500s,2009,0.54496,0.54496,111
8978,5,0,5,0,500s,2010,0.54575,0.54575,111
1907,5,0,5,0,500s,2011,0.53568,0.53568,112
406,5,0,5,0,500s,2012,0.52188,0.52188,112
7062,5,0,5,0,500s,2013,0.51896,0.51896,113
6722,5,0,5,0,500s,2014,0.51789,0.51789,113
3683,5,0,5,0,500s,2015,0.52477,0.52477,114
4811,5,0,5,0,500s,2016,0.53598,0.53598,114
2254,5,0,5,0,500s,2017,0.55284,0.55284,115
5704,5,0,5,0,500s,2018,0.56645,0.56645,115
9426,6,0,6,0,600s,1940,,,76
4921,6,0,6,0,600s,1941,,,77
7370,6,0,6,0,600s,1942,,,77
1435,6,0,6,0,600s,1943,,,78
5086,6,0,6,0,600s,1944,,,78
85,6,0,6,0,600s,1945,,,79
6212,6,0,6,0,600s,1946,,,79
6595,6,0,6,0,600s,1947,,,80
3139,6,0,6,0,600s,1948,,,80
8236,6,0,6,0,600s,1949,,,81
9458,6,0,6,0,600s,1950,,,81
6610,6,0,6,0,600s,1951,,,82
895,6,0,6,0,600s,1952,,,82
2577,6,0,6,0,600s,1953,,,83
3708,6,0,6,0,600s,1954,,,83
5054,6,0,6,0,600s,1955,,,84
4524,6,0,6,0,600s,1956,0.79893,0.79893,84
9754,6,0,6,0,600s,1957,0.82185,0.82185,85
4418,6,0,6,0,600s,1958,0.78049,0.78049,85
2501,6,0,6,0,600s,1959,0.75782,0.75782,86
4890,6,0,6,0,600s,1960,0.75194,0.75194,86
1618,6,0,6,0,600s,1961,0.7299,0.7299,87
9080,6,0,6,0,600s,1962,0.72526,0.72526,87
5861,6,0,6,0,600s,1963,0.72411,0.72411,88
8427,6,0,6,0,600s,1964,0.72382,0.72382,88
8332,6,0,6,0,600s,1965,0.69894,0.69894,89
5739,6,0,6,0,600s,1966,0.69366,0.69366,89
7197,6,0,6,0,600s,1967,0.69255,0.69255,90
2346,6,0,6,0,600s,1968,0.67185,0.67185,90
7824,6,0,6,0,600s,1969,0.66173,0.66173,91
2145,6,0,6,0,600s,1970,0.66571,0.66571,91
7760,6,0,6,0,600s,1971,0.6509,0.6509,92
64,6,0,6,0,600s,1972,0.66377,0.66377,92
680,6,0,6,0,600s,1973,0.64783,0.64783,93
2828,6,0,6,0,600s,1974,0.65224,0.65224,93
9771,6,0,6,0,600s,1975,0.63693,0.63693,94
236,6,0,6,0,600s,1976,0.63016,0.63016,94
8981,6,0,6,0,600s,1977,0.63353,0.63353,95
8165,6,0,6,0,600s,1978,0.62798,0.62798,95
1322,6,0,6,0,600s,1979,0.64001,0.64001,96
3992,6,0,6,0,600s,1980,0.62961,0.62961,96
1215,6,0,6,0,600s,1981,0.64217,0.64217,97
8683,6,0,6,0,600s,1982,0.65743,0.65743,97
3372,6,0,6,0,600s,1983,0.6778,0.6778,98
8678,6,0,6,0,600s,1984,0.6752,0.6752,98
232,6,0,6,0,600s,1985,0.67779,0.67779,99
9572,6,0,6,0,600s,1986,0.6905,0.6905,99
5905,6,0,6,0,600s,1987,0.70005,0.70005,100
4465,6,0,6,0,600s,1988,0.707,0.707,100
82,6,0,6,0,600s,1989,0.72112,0.72112,101
2282,6,0,6,0,600s,1990,0.72767,0.72767,101
8010,6,0,6,0,600s,1991,0.70984,0.70984,102
83,6,0,6,0,600s,1992,0.71301,0.71301,102
4755,6,0,6,0,600s,1993,0.6996,0.6996,103
6323,6,0,6,0,600s,1994,0.69923,0.69923,103
6582,6,0,6,0,600s,1995,0.70171,0.70171,104
473,6,0,6,0,600s,1996,0.70164,0.70164,104
4287,6,0,6,0,600s,1997,0.67634,0.67634,105
3255,6,0,6,0,600s,1998,0.679,0.679,105
6844,6,0,6,0,600s,1999,0.66639,0.66639,106
4582,6,0,6,0,600s,2000,0.6962,0.6962,106
2836,6,0,6,0,600s,2001,0.71074,0.71074,107
9905,6,0,6,0,600s,2002,0.70034,0.70034,107
8207,6,0,6,0,600s,2003,0.70855,0.70855,108
5528,6,0,6,0,600s,2004,0.70484,0.70484,108
4922,6,0,6,0,600s,2005,0.69928,0.69928,109
6774,6,0,6,0,600s,2006,0.69632,0.69632,109
4546,6,0,6,0,600s,2007,0.711,0.711,110
9838,6,0,6,0,600s,2008,0.69878,0.69878,110
6292,6,0,6,0,600s,2009,0.6964,0.6964,111
2580,6,0,6,0,600s,2010,0.69811,0.69811,111
5989,6,0,6,0,600s,2011,0.68618,0.68618,112
9414,6,0,6,0,600s,2012,0.67417,0.67417,112
7423,6,0,6,0,600s,2013,0.67235,0.67235,113
397,6,0,6,0,600s,2014,0.67415,0.67415,113
1662,6,0,6,0,600s,2015,0.67665,0.67665,114
533,6,0,6,0,600s,2016,0.6785,0.6785,114
9411,6,0,6,0,600s,2017,0.68724,0.68724,115
287,6,0,6,0,600s,2018,0.69439,0.69439,115
3446,7,0,7,0,700s,1940,,,76
812,7,0,7,0,700s,1941,,,77
1661,7,0,7,0,700s,1942,,,77
1115,7,0,7,0,700s,1943,,,78
2914,7,0,7,0,700s,1944,,,78
4276,7,0,7,0,700s,1945,,,79
2821,7,0,7,0,700s,1946,,,79
187,7,0,7,0,700s,1947,,,80
7617,7,0,7,0,700s,1948,,,80
9078,7,0,7,0,700s,1949,,,81
2604,7,0,7,0,700s,1950,,,81
379,7,0,7,0,700s,1951,,,82
1402,7,0,7,0,700s,1952,,,82
9685,7,0,7,0,700s,1953,,,83
782,7,0,7,0,700s,1954,,,83
1889,7,0,7,0,700s,1955,,,84
6993,7,0,7,0,700s,1956,,,84
3822,7,0,7,0,700s,1957,,,85
8154,7,0,7,0,700s,1958,,,85
9284,7,0,7,0,700s,1959,,,86
6734,7,0,7,0,700s,1960,,,86
2440,7,0,7,0,700s,1961,,,87
5408,7,0,7,0,700s,1962,,,87
3406,7,0,7,0,700s,1963,,,88
5038,7,0,7,0,700s,1964,,,88
6664,7,0,7,0,700s,1965,,,89
4452,7,0,7,0,700s,1966,,,89
5529,7,0,7,0,700s,1967,,,90
7251,7,0,7,0,700s,1968,,,90
5785,7,0,7,0,700s,1969,,,91
7182,7,0,7,0,700s,1970,,,91
7061,7,0,7,0,700s,1971,0.78637,0.78637,92
6711,7,0,7,0,700s,1972,0.73524,0.73524,92
9382,7,0,7,0,700s,1973,0.68468,0.68468,93
4881,7,0,7,0,700s,1974,0.70506,0.70506,93
5848,7,0,7,0,700s,1975,0.677,0.677,94
4886,7,0,7,0,700s,1976,0.68725,0.68725,94
1449,7,0,7,0,700s,1977,0.67867,0.67867,95
9532,7,0,7,0,700s,1978,0.67648,0.67648,95
8604,7,0,7,0,700s,1979,0.62704,0.62704,96
7859,7,0,7,0,700s,1980,0.62294,0.62294,96
8530,7,0,7,0,700s,1981,0.66981,0.66981,97
8345,7,0,7,0,700s,1982,0.68028,0.68028,97
7251,7,0,7,0,700s,1983,0.72652,0.72652,98
5806,7,0,7,0,700s,1984,0.76357,0.76357,98
7004,7,0,7,0,700s,1985,0.75075,0.75075,99
5378,7,0,7,0,700s,1986,0.77635,0.77635,99
6955,7,0,7,0,700s,1987,0.80103,0.80103,100
5495,7,0,7,0,700s,1988,0.8153,0.8153,100
8441,7,0,7,0,700s,1989,0.83703,0.83703,101
5418,7,0,7,0,700s,1990,0.82963,0.82963,101
9757,7,0,7,0,700s,1991,0.81988,0.81988,102
1520,7,0,7,0,700s,1992,0.78697,0.78697,102
7135,7,0,7,0,700s,1993,0.72629,0.72629,103
5711,7,0,7,0,700s,1994,0.74152,0.74152,103
2727,7,0,7,0,700s,1995,0.77844,0.77844,104
6923,7,0,7,0,700s,1996,0.73345,0.73345,104
2109,7,0,7,0,700s,1997,0.76356,0.76356,105
1284,7,0,7,0,700s,1998,0.77285,0.77285,105
1142,7,0,7,0,700s,1999,0.75629,0.75629,106
5851,7,0,7,0,700s,2000,0.76246,0.76246,106
4215,7,0,7,0,700s,2001,0.73718,0.73718,107
3031,7,0,7,0,700s,2002,0.73698,0.73698,107
8747,7,0,7,0,700s,2003,0.73298,0.73298,108
6656,7,0,7,0,700s,2004,0.74405,0.74405,108
5763,7,0,7,0,700s,2005,0.75849,0.75849,109
3244,7,0,7,0,700s,2006,0.76531,0.76531,109
6977,7,0,7,0,700s,2007,0.72634,0.72634,110
5930,7,0,7,0,700s,2008,0.71935,0.71935,110
4170,7,0,7,0,700s,2009,0.68186,0.68186,111
7741,7,0,7,0,700s,2010,0.6884,0.6884,111
3973,7,0,7,0,700s,2011,0.65407,0.65407,112
8457,7,0,7,0,700s,2012,0.67204,0.67204,112
1998,7,0,7,0,700s,2013,0.67407,0.67407,113
4941,7,0,7,0,700s,2014,0.70937,0.70937,113
9250,7,0,7,0,700s,2015,0.71108,0.71108,114
762,7,0,7,0,700s,2016,0.74717,0.74717,114
3774,7,0,7,0,700s,2017,0.79896,0.79896,115
8009,7,0,7,0,700s,2018,0.77782,0.77782,115
3069,8,0,8,0,800s,1940,,,76
8872,8,0,8,0,800s,1941,,,77
5261,8,0,8,0,800s,1942,,,77
3608,8,0,8,0,800s,1943,,,78
7272,8,0,8,0,800s,1944,,,78
888,8,0,8,0,800s,1945,,,79
3201,8,0,8,0,800s,1946,,,79
1397,8,0,8,0,800s,1947,,,80
4971,8,0,8,0,800s,1948,,,80
247,8,0,8,0,800s,1949,,,81
2631,8,0,8,0,800s,1950,,,81
4793,8,0,8,0,800s,1951,,,82
1907,8,0,8,0,800s,1952,,,82
2610,8,0,8,0,800s,1953,,,83
665,8,0,8,0,800s,1954,,,83
3246,8,0,8,0,800s,1955,,,84
6280,8,0,8,0,800s,1956,,,84
7725,8,0,8,0,800s,1957,,,85
4783,8,0,8,0,800s,1958,,,85
8561,8,0,8,0,800s,1959,0.68991,0.68991,86
8895,8,0,8,0,800s,1960,0.6938,0.6938,86
7600,8,0,8,0,800s,1961,0.69249,0.69249,87
2630,8,0,8,0,800s,1962,0.62422,0.62422,87
6086,8,0,8,0,800s,1963,0.66067,0.66067,88
5578,8,0,8,0,800s,1964,0.72382,0.72382,88
1743,8,0,8,0,800s,1965,0.7077,0.7077,89
4084,8,0,8,0,800s,1966,0.61915,0.61915,89
8655,8,0,8,0,800s,1967,0.62096,0.62096,90
6947,8,0,8,0,800s,1968,0.64427,0.64427,90
2347,8,0,8,0,800s,1969,0.63233,0.63233,91
5505,8,0,8,0,800s,1970,0.62635,0.62635,91
4433,8,0,8,0,800s,1971,0.6234,0.6234,92
4175,8,0,8,0,800s,1972,0.61179,0.61179,92
7447,8,0,8,0,800s,1973,0.64101,0.64101,93
9089,8,0,8,0,800s,1974,0.67643,0.67643,93
4558,8,0,8,0,800s,1975,0.65729,0.65729,94
7015,8,0,8,0,800s,1976,0.65462,0.65462,94
610,8,0,8,0,800s,1977,0.64463,0.64463,95
7421,8,0,8,0,800s,1978,0.64865,0.64865,95
7550,8,0,8,0,800s,1979,0.641,0.641,96
7065,8,0,8,0,800s,1980,0.62881,0.62881,96
9732,8,0,8,0,800s,1981,0.60789,0.60789,97
9778,8,0,8,0,800s,1982,0.61389,0.61389,97
9360,8,0,8,0,800s,1983,0.61442,0.61442,98
5068,8,0,8,0,800s,1984,0.61496,0.61496,98
8788,8,0,8,0,800s,1985,0.59855,0.59855,99
7042,8,0,8,0,800s,1986,0.63782,0.63782,99
7605,8,0,8,0,800s,1987,0.62599,0.62599,100
8971,8,0,8,0,800s,1988,0.62663,0.62663,100
7493,8,0,8,0,800s,1989,0.65679,0.65679,101
7644,8,0,8,0,800s,1990,0.67975,0.67975,101
3301,8,0,8,0,800s,1991,0.70074,0.70074,102
6644,8,0,8,0,800s,1992,0.71069,0.71069,102
2412,8,0,8,0,800s,1993,0.70946,0.70946,103
6983,8,0,8,0,800s,1994,0.68883,0.68883,103
7342,8,0,8,0,800s,1995,0.71237,0.71237,104
7733,8,0,8,0,800s,1996,0.69773,0.69773,104
9575,8,0,8,0,800s,1997,0.66756,0.66756,105
2828,8,0,8,0,800s,1998,0.65811,0.65811,105
1447,8,0,8,0,800s,1999,0.65533,0.65533,106
4007,8,0,8,0,800s,2000,0.64787,0.64787,106
5597,8,0,8,0,800s,2001,0.64535,0.64535,107
2138,8,0,8,0,800s,2002,0.62848,0.62848,107
7668,8,0,8,0,800s,2003,0.6208,0.6208,108
1891,8,0,8,0,800s,2004,0.6098,0.6098,108
4595,8,0,8,0,800s,2005,0.6196,0.6196,109
21,8,0,8,0,800s,2006,0.61324,0.61324,109
7552,8,0,8,0,800s,2007,0.61557,0.61557,110
5003,8,0,8,0,800s,2008,0.60958,0.60958,110
8717,8,0,8,0,800s,2009,0.58312,0.58312,111
8711,8,0,8,0,800s,2010,0.56785,0.56785,111
8758,8,0,8,0,800s,2011,0.56658,0.56658,112
3561,8,0,8,0,800s,2012,0.56,0.56,112
2878,8,0,8,0,800s,2013,0.56542,0.56542,113
1050,8,0,8,0,800s,2014,0.55938,0.55938,113
2159,8,0,8,0,800s,2015,0.567,0.567,114
1775,8,0,8,0,800s,2016,0.56012,0.56012,114
6056,8,0,8,0,800s,2017,0.58845,0.58845,115
371,8,0,8,0,800s,2018,0.59753,0.59753,115
7038,9,900,9,900,900,1940,,,76
3783,9,900,9,900,900,1941,,,77
12,9,900,9,900,900,1942,,,77
9797,9,900,9,900,900,1943,,,78
3635,9,900,9,900,900,1944,,,78
1857,9,900,9,900,900,1945,,,79
4923,9,900,9,900,900,1946,,,79
2852,9,900,9,900,900,1947,,,80
2299,9,900,9,900,900,1948,,,80
3561,9,900,9,900,900,1949,,,81
1677,9,900,9,900,900,1950,,,81
5916,9,900,9,900,900,1951,,,82
6186,9,900,9,900,900,1952,,,82
1375,9,900,9,900,900,1953,,,83
2265,9,900,9,900,900,1954,,,83
1569,9,900,9,900,900,1955,,,84
545,9,900,9,900,900,1956,,,84
5865,9,900,9,900,900,1957,,,85
4283,9,900,9,900,900,1958,,,85
9467,9,900,9,900,900,1959,,,86
415,9,900,9,900,900,1960,,,86
3315,9,900,9,900,900,1961,,,87
2379,9,900,9,900,900,1962,,,87
7413,9,900,9,900,900,1963,,,88
5809,9,900,9,900,900,1964,0.099785,0.099785,88
1930,9,900,9,900,900,1965,0.40793,0.40793,89
4824,9,900,9,900,900,1966,0.42041,0.42041,89
4825,9,900,9,900,900,1967,0.42138,0.42138,90
8991,9,900,9,900,900,1968,0.42146,0.42146,90
8397,9,900,9,900,900,1969,0.42147,0.42147,91
4642,9,900,9,900,900,1970,0.42147,0.42147,91
4251,9,900,9,900,900,1971,0.42147,0.42147,92
6021,9,900,9,900,900,1972,0.42147,0.42147,92
5359,9,900,9,900,900,1973,0.42147,0.42147,93
1349,9,900,9,900,900,1974,0.42147,0.42147,93
7976,9,900,9,900,900,1975,0.42147,0.42147,94
1809,9,900,9,900,900,1976,0.42147,0.42147,94
802,9,900,9,900,900,1977,0.39569,0.39569,95
5547,9,900,9,900,900,1978,0.36859,0.36859,95
7469,9,900,9,900,900,1979,0.36429,0.36429,96
4964,9,900,9,900,900,1980,0.36359,0.36359,96
4756,9,900,9,900,900,1981,0.36348,0.36348,97
9878,9,900,9,900,900,1982,0.36346,0.36346,97
2453,9,900,9,900,900,1983,0.36345,0.36345,98
2959,9,900,9,900,900,1984,0.36345,0.36345,98
61,9,900,9,900,900,1985,0.36345,0.36345,99
4735,9,900,9,900,900,1986,0.36345,0.36345,99
5331,9,900,9,900,900,1987,0.38427,0.38427,100
9901,9,900,9,900,900,1988,0.3877,0.3877,100
2641,9,900,9,900,900,1989,0.38826,0.38826,101
1283,9,900,9,900,900,1990,0.38836,0.38836,101
6733,9,900,9,900,900,1991,0.38837,0.38837,102
989,9,900,9,900,900,1992,0.38837,0.38837,102
434,9,900,9,900,900,1993,0.27369,0.27369,103
2050,9,900,9,900,900,1994,0.25752,0.25752,103
9453,9,900,9,900,900,1995,0.28642,0.28642,104
2915,9,900,9,900,900,1996,0.33965,0.33965,104
8506,9,900,9,900,900,1997,0.45398,0.45398,105
5450,9,900,9,900,900,1998,0.44984,0.44984,105
9199,9,900,9,900,900,1999,0.43444,0.43444,106
7268,9,900,9,900,900,2000,0.4539,0.4539,106
8542,9,900,9,900,900,2001,0.37013,0.37013,107
8155,9,900,9,900,900,2002,0.33562,0.33562,107
1977,9,900,9,900,900,2003,0.38817,0.38817,108
7560,9,900,9,900,900,2004,0.39747,0.39747,108
6716,9,900,9,900,900,2005,0.38268,0.38268,109
4814,9,900,9,900,900,2006,0.43008,0.43008,109
8850,9,900,9,900,900,2007,0.42555,0.42555,110
9191,9,900,9,900,900,2008,0.48626,0.48626,110
4683,9,900,9,900,900,2009,0.40283,0.40283,111
3124,9,900,9,900,900,2010,0.42445,0.42445,111
8635,9,900,9,900,900,2011,0.43988,0.43988,112
9406,9,900,9,900,900,2012,0.53372,0.53372,112
9128,9,900,9,900,900,2013,0.52251,0.52251,113
1186,9,900,9,900,900,2014,0.48903,0.48903,113
8950,9,900,9,900,900,2015,0.5358,0.5358,114
5501,9,900,9,900,900,2016,0.49549,0.49549,114
9618,9,900,9,900,900,2017,0.54276,0.54276,115
3925,9,900,9,900,900,2018,0.59191,0.59191,115